id,company,timestamp,duration_min,severity,cost_usd,cost_per_min,sla_breach,sla_penalty
1,Azure,2022-01-04 15:20:00,2.0,low,14566.0,7800,False,0.0
2,Cloudflare,2022-01-04 15:29:00,2.4,low,12370.0,5200,False,0.0
3,Azure,2022-01-05 02:27:00,90.1,critical,746890.0,7800,True,112034.0
4,Vercel,2022-01-07 09:17:00,1146.0,critical,3132235.0,2800,True,469835.0
5,Azure,2022-01-08 13:07:00,28.8,low,226370.0,7800,False,0.0
6,AWS,2022-01-09 01:17:00,476.9,high,4731287.0,9200,True,709693.0
7,Akamai,2022-01-11 16:46:00,75.0,high,373552.0,4600,True,56033.0
8,AWS,2022-01-12 07:07:00,20.3,low,176144.0,9200,False,0.0
9,Azure,2022-01-12 19:07:00,5.5,medium,38984.0,7800,False,0.0
10,Azure,2022-01-16 18:04:00,81.1,medium,607961.0,7800,True,91194.0
11,AWS,2022-01-17 04:31:00,8.3,medium,79350.0,9200,False,0.0
12,Cloudflare,2022-01-20 14:56:00,7.3,low,41385.0,5200,False,0.0
13,Vercel,2022-01-22 04:32:00,12.5,low,32039.0,2800,False,0.0
14,GCP,2022-01-23 15:41:00,34.4,low,221207.0,7100,False,0.0
15,Azure,2022-01-24 15:36:00,1.0,low,8399.0,7800,False,0.0
16,Azure,2022-01-26 15:52:00,233.4,medium,1910871.0,7800,True,286631.0
17,Azure,2022-01-27 14:10:00,272.2,high,2332184.0,7800,True,349828.0
18,Azure,2022-01-27 15:18:00,1.2,low,9167.0,7800,False,0.0
19,AWS,2022-01-28 02:22:00,65.5,medium,592482.0,9200,True,88872.0
20,Akamai,2022-01-31 11:31:00,22.8,medium,98006.0,4600,False,0.0
21,Fastly,2022-02-03 21:35:00,158.5,high,599922.0,4100,True,89988.0
22,AWS,2022-02-04 15:15:00,65.8,critical,614891.0,9200,True,92234.0
23,Cloudflare,2022-02-05 04:47:00,5.5,low,27824.0,5200,False,0.0
24,Azure,2022-02-06 14:32:00,15.4,low,110038.0,7800,False,0.0
25,Akamai,2022-02-07 04:05:00,1.0,low,4956.0,4600,False,0.0
26,AWS,2022-02-07 03:32:00,2.2,low,19019.0,9200,False,0.0
27,AWS,2022-02-09 23:01:00,4.2,low,40561.0,9200,False,0.0
28,Azure,2022-02-09 17:34:00,11.3,low,84301.0,7800,False,0.0
29,Cloudflare,2022-02-10 17:11:00,4.8,high,26522.0,5200,False,0.0
30,AWS,2022-02-15 18:57:00,1.0,low,8498.0,9200,False,0.0
31,AWS,2022-02-16 02:44:00,6.4,low,61895.0,9200,False,0.0
32,GCP,2022-02-17 17:18:00,4.5,medium,29382.0,7100,False,0.0
33,Cloudflare,2022-02-17 21:46:00,9.6,low,49390.0,5200,False,0.0
34,Cloudflare,2022-02-17 15:02:00,5.3,low,28850.0,5200,False,0.0
35,AWS,2022-02-18 23:04:00,5.7,medium,49013.0,9200,False,0.0
36,Azure,2022-02-19 14:33:00,1.0,low,7466.0,7800,False,0.0
37,Cloudflare,2022-02-22 22:27:00,154.9,medium,864243.0,5200,True,129636.0
38,GCP,2022-02-26 07:32:00,12.7,medium,97115.0,7100,False,0.0
39,Azure,2022-02-27 07:09:00,20.2,low,143220.0,7800,False,0.0
40,Fastly,2022-02-27 08:56:00,30.3,medium,115983.0,4100,False,0.0
41,Vercel,2022-02-27 21:36:00,13.7,low,35425.0,2800,False,0.0
42,GCP,2022-02-28 04:18:00,1.0,medium,6645.0,7100,False,0.0
43,Akamai,2022-03-01 14:52:00,11.1,low,55862.0,4600,False,0.0
44,Vercel,2022-03-01 10:38:00,19.5,critical,55164.0,2800,False,0.0
45,Vercel,2022-03-03 18:45:00,12.8,high,35611.0,2800,False,0.0
46,Azure,2022-03-04 19:21:00,500.2,high,4279596.0,7800,True,641939.0
47,GCP,2022-03-05 15:09:00,40.1,critical,287953.0,7100,False,0.0
48,AWS,2022-03-05 14:00:00,14.9,medium,141497.0,9200,False,0.0
49,GCP,2022-03-07 23:44:00,26.6,low,182543.0,7100,False,0.0
50,AWS,2022-03-07 03:14:00,54.3,medium,487782.0,9200,False,0.0
51,AWS,2022-03-08 02:52:00,2.5,low,23434.0,9200,False,0.0
52,Azure,2022-03-09 01:08:00,20.2,low,144003.0,7800,False,0.0
53,Cloudflare,2022-03-10 08:55:00,136.3,high,674156.0,5200,True,101123.0
54,Akamai,2022-03-10 13:24:00,627.6,critical,2711902.0,4600,True,406785.0
55,AWS,2022-03-10 15:04:00,1936.3,critical,16089189.0,9200,True,2413378.0
56,Azure,2022-03-10 03:00:00,316.8,critical,2489277.0,7800,True,373392.0
57,AWS,2022-03-12 10:53:00,62.5,high,582021.0,9200,True,87303.0
58,GCP,2022-03-12 08:36:00,67.0,medium,464658.0,7100,True,69699.0
59,Cloudflare,2022-03-14 11:50:00,145.6,critical,722100.0,5200,True,108315.0
60,Vercel,2022-03-14 18:16:00,7.4,low,21350.0,2800,False,0.0
61,GCP,2022-03-15 11:22:00,2.0,low,13162.0,7100,False,0.0
62,GCP,2022-03-19 13:50:00,2.2,low,15678.0,7100,False,0.0
63,GCP,2022-03-19 06:13:00,4.7,low,35159.0,7100,False,0.0
64,AWS,2022-03-20 00:35:00,234.5,high,2012551.0,9200,True,301883.0
65,Azure,2022-03-20 16:13:00,1.7,low,13932.0,7800,False,0.0
66,AWS,2022-03-21 11:14:00,16.0,low,154878.0,9200,False,0.0
67,Azure,2022-03-21 20:19:00,24.1,medium,171435.0,7800,False,0.0
68,GCP,2022-03-23 08:18:00,4.9,low,31442.0,7100,False,0.0
69,Azure,2022-03-26 00:20:00,3.4,low,29034.0,7800,False,0.0
70,GCP,2022-03-27 23:30:00,145.9,high,972366.0,7100,True,145855.0
71,Cloudflare,2022-03-29 15:10:00,18.1,medium,100184.0,5200,False,0.0
72,AWS,2022-03-30 11:00:00,18.7,medium,174168.0,9200,False,0.0
73,Azure,2022-03-31 11:09:00,132.3,critical,983330.0,7800,True,147500.0
74,AWS,2022-04-01 13:34:00,31.8,low,270909.0,9200,False,0.0
75,Fastly,2022-04-01 02:39:00,8.4,high,34417.0,4100,False,0.0
76,Vercel,2022-04-01 04:13:00,24.4,medium,67054.0,2800,False,0.0
77,Cloudflare,2022-04-04 14:32:00,118.8,high,642333.0,5200,True,96350.0
78,AWS,2022-04-04 11:05:00,335.9,critical,3340079.0,9200,True,501012.0
79,Vercel,2022-04-04 04:36:00,26.3,high,78136.0,2800,False,0.0
80,Azure,2022-04-06 02:35:00,50.9,medium,379111.0,7800,False,0.0
81,Cloudflare,2022-04-08 11:42:00,96.4,medium,539270.0,5200,True,80890.0
82,Akamai,2022-04-08 12:17:00,1.0,medium,4907.0,4600,False,0.0
83,AWS,2022-04-09 16:30:00,30.4,medium,303684.0,9200,False,0.0
84,AWS,2022-04-09 03:35:00,30.4,low,277368.0,9200,False,0.0
85,AWS,2022-04-11 13:34:00,42.4,medium,411033.0,9200,False,0.0
86,Fastly,2022-04-12 01:58:00,2.3,low,9603.0,4100,False,0.0
87,GCP,2022-04-13 00:20:00,204.1,medium,1394190.0,7100,True,209128.0
88,Akamai,2022-04-14 13:12:00,30.6,medium,154679.0,4600,False,0.0
89,GCP,2022-04-14 16:46:00,42.1,medium,271309.0,7100,False,0.0
90,Azure,2022-04-14 16:09:00,12.4,low,90187.0,7800,False,0.0
91,Fastly,2022-04-15 11:02:00,13.4,low,59253.0,4100,False,0.0
92,Cloudflare,2022-04-15 02:31:00,314.3,critical,1490720.0,5200,True,223608.0
93,Azure,2022-04-18 00:06:00,320.4,high,2692462.0,7800,True,403869.0
94,Fastly,2022-04-19 05:01:00,1.0,low,4276.0,4100,False,0.0
95,GCP,2022-04-20 22:21:00,20.6,high,132707.0,7100,False,0.0
96,AWS,2022-04-20 11:44:00,13.5,medium,122444.0,9200,False,0.0
97,Cloudflare,2022-04-21 17:20:00,117.2,high,640457.0,5200,True,96069.0
98,AWS,2022-04-21 02:56:00,15.8,low,147776.0,9200,False,0.0
99,Vercel,2022-04-22 16:45:00,2.2,low,6697.0,2800,False,0.0
100,AWS,2022-04-24 08:35:00,59.9,high,591600.0,9200,False,0.0
101,AWS,2022-04-25 04:46:00,10.8,low,96034.0,9200,False,0.0
102,Azure,2022-04-25 08:42:00,33.9,medium,242453.0,7800,False,0.0
103,Azure,2022-04-26 06:43:00,556.4,high,4725528.0,7800,True,708829.0
104,GCP,2022-04-29 15:20:00,218.9,high,1559563.0,7100,True,233934.0
105,AWS,2022-04-30 01:15:00,67.7,critical,569824.0,9200,True,85474.0
106,Cloudflare,2022-04-30 02:58:00,218.6,critical,1208692.0,5200,True,181304.0
107,AWS,2022-05-01 03:59:00,119.0,medium,1175488.0,9200,True,176323.0
108,Vercel,2022-05-02 14:12:00,119.4,medium,343642.0,2800,True,51546.0
109,AWS,2022-05-05 10:31:00,24.7,critical,224854.0,9200,False,0.0
110,Cloudflare,2022-05-07 23:09:00,4.9,low,26306.0,5200,False,0.0
111,Azure,2022-05-08 04:36:00,1.0,low,8122.0,7800,False,0.0
112,Akamai,2022-05-09 04:59:00,116.2,medium,576536.0,4600,True,86480.0
113,Azure,2022-05-13 14:52:00,21.8,high,185543.0,7800,False,0.0
114,Vercel,2022-05-13 01:46:00,8.8,low,24711.0,2800,False,0.0
115,Vercel,2022-05-15 03:31:00,53.6,medium,159040.0,2800,False,0.0
116,AWS,2022-05-17 04:27:00,2.5,medium,25137.0,9200,False,0.0
117,GCP,2022-05-17 07:14:00,14.3,low,94448.0,7100,False,0.0
118,Fastly,2022-05-23 02:44:00,49.4,medium,183026.0,4100,False,0.0
119,Fastly,2022-05-24 10:15:00,104.6,medium,460507.0,4100,True,69076.0
120,Cloudflare,2022-05-25 19:44:00,5.0,high,24415.0,5200,False,0.0
121,Vercel,2022-05-27 10:38:00,1.1,low,2798.0,2800,False,0.0
122,Cloudflare,2022-05-27 16:05:00,1.0,low,4846.0,5200,False,0.0
123,Cloudflare,2022-05-28 04:16:00,209.6,high,1064659.0,5200,True,159699.0
124,Akamai,2022-05-29 09:58:00,17.0,low,73809.0,4600,False,0.0
125,Vercel,2022-05-30 09:45:00,158.8,medium,427322.0,2800,True,64098.0
126,Cloudflare,2022-05-31 02:13:00,1.7,low,9680.0,5200,False,0.0
127,Azure,2022-06-01 07:56:00,20.6,medium,167249.0,7800,False,0.0
128,AWS,2022-06-02 06:14:00,43.1,medium,413348.0,9200,False,0.0
129,Vercel,2022-06-04 16:02:00,59.2,high,152323.0,2800,False,0.0
130,AWS,2022-06-05 13:19:00,12.3,medium,118413.0,9200,False,0.0
131,Vercel,2022-06-06 09:07:00,62.7,medium,183964.0,2800,True,27595.0
132,Fastly,2022-06-07 01:21:00,26.8,high,113391.0,4100,False,0.0
133,GCP,2022-06-07 05:01:00,117.8,medium,790954.0,7100,True,118643.0
134,Akamai,2022-06-08 15:14:00,2.2,low,9964.0,4600,False,0.0
135,Cloudflare,2022-06-09 04:11:00,212.9,high,1183751.0,5200,True,177563.0
136,GCP,2022-06-11 09:40:00,6.9,low,50658.0,7100,False,0.0
137,Cloudflare,2022-06-11 09:44:00,18.7,low,101767.0,5200,False,0.0
138,Azure,2022-06-12 10:27:00,13.7,low,108727.0,7800,False,0.0
139,Akamai,2022-06-13 18:36:00,5.6,low,25500.0,4600,False,0.0
140,GCP,2022-06-13 07:35:00,392.6,high,2931879.0,7100,True,439782.0
141,Azure,2022-06-13 18:32:00,15.1,low,107602.0,7800,False,0.0
142,GCP,2022-06-14 19:46:00,47.6,medium,349664.0,7100,False,0.0
143,Akamai,2022-06-14 14:00:00,23.8,high,120367.0,4600,False,0.0
144,GCP,2022-06-14 18:00:00,48.8,medium,365896.0,7100,False,0.0
145,AWS,2022-06-16 14:36:00,207.8,high,1831682.0,9200,True,274752.0
146,Azure,2022-06-16 11:19:00,12.3,low,91677.0,7800,False,0.0
147,GCP,2022-06-16 03:52:00,63.7,medium,467396.0,7100,True,70109.0
148,Azure,2022-06-17 05:37:00,1.0,low,8418.0,7800,False,0.0
149,Akamai,2022-06-17 14:31:00,39.7,low,185467.0,4600,False,0.0
150,AWS,2022-06-17 18:46:00,1.7,medium,15726.0,9200,False,0.0
151,Cloudflare,2022-06-18 14:25:00,2.1,low,10178.0,5200,False,0.0
152,AWS,2022-06-18 02:33:00,21.8,medium,209202.0,9200,False,0.0
153,GCP,2022-06-20 02:53:00,21.9,medium,161781.0,7100,False,0.0
154,Azure,2022-06-21 04:48:00,1.0,medium,8528.0,7800,False,0.0
155,GCP,2022-06-22 19:47:00,417.5,high,2845794.0,7100,True,426869.0
156,GCP,2022-06-23 13:47:00,75.6,medium,564290.0,7100,True,84644.0
157,Cloudflare,2022-06-25 04:10:00,12.1,medium,62090.0,5200,False,0.0
158,Azure,2022-06-26 04:46:00,47.8,medium,377200.0,7800,False,0.0
159,Vercel,2022-06-26 02:43:00,8.9,low,26497.0,2800,False,0.0
160,AWS,2022-06-28 06:44:00,166.3,medium,1444893.0,9200,True,216734.0
161,AWS,2022-06-29 20:23:00,3.2,low,28515.0,9200,False,0.0
162,Cloudflare,2022-07-01 16:09:00,48.6,medium,266534.0,5200,False,0.0
163,AWS,2022-07-01 03:06:00,14.5,medium,135280.0,9200,False,0.0
164,AWS,2022-07-03 07:53:00,70.9,medium,599109.0,9200,True,89866.0
165,Cloudflare,2022-07-04 04:45:00,12.4,low,63580.0,5200,False,0.0
166,Azure,2022-07-04 10:01:00,4.0,medium,31741.0,7800,False,0.0
167,Azure,2022-07-04 14:22:00,5.4,low,45570.0,7800,False,0.0
168,GCP,2022-07-08 03:30:00,31.8,high,211713.0,7100,False,0.0
169,Azure,2022-07-13 09:29:00,6.1,low,50491.0,7800,False,0.0
170,Cloudflare,2022-07-13 04:07:00,23.2,high,111728.0,5200,False,0.0
171,Azure,2022-07-13 06:20:00,3.3,low,24413.0,7800,False,0.0
172,Cloudflare,2022-07-14 21:42:00,46.0,medium,226922.0,5200,False,0.0
173,Azure,2022-07-16 19:05:00,2.9,low,24328.0,7800,False,0.0
174,AWS,2022-07-20 12:09:00,24.2,high,209238.0,9200,False,0.0
175,AWS,2022-07-21 07:24:00,7.1,medium,69069.0,9200,False,0.0
176,GCP,2022-07-25 08:12:00,710.0,critical,5002493.0,7100,True,750374.0
177,Cloudflare,2022-07-25 07:04:00,104.7,high,598785.0,5200,True,89818.0
178,Akamai,2022-07-26 02:08:00,52.4,high,257387.0,4600,False,0.0
179,Azure,2022-07-26 03:35:00,30.5,medium,249305.0,7800,False,0.0
180,Vercel,2022-07-28 16:54:00,36.1,medium,108575.0,2800,False,0.0
181,AWS,2022-07-28 04:20:00,1.0,low,9447.0,9200,False,0.0
182,GCP,2022-07-28 03:03:00,47.4,high,359671.0,7100,False,0.0
183,Azure,2022-08-01 02:16:00,157.4,medium,1169066.0,7800,True,175360.0
184,Fastly,2022-08-01 14:33:00,32.9,medium,124037.0,4100,False,0.0
185,AWS,2022-08-03 10:36:00,1.0,low,9413.0,9200,False,0.0
186,Akamai,2022-08-04 06:45:00,1200.8,critical,5451530.0,4600,True,817730.0
187,AWS,2022-08-06 16:09:00,1.0,low,9065.0,9200,False,0.0
188,Azure,2022-08-06 02:03:00,175.5,high,1376223.0,7800,True,206433.0
189,GCP,2022-08-06 10:31:00,283.9,high,1959808.0,7100,True,293971.0
190,AWS,2022-08-07 08:59:00,9.8,medium,92433.0,9200,False,0.0
191,Fastly,2022-08-08 04:31:00,25.4,low,94363.0,4100,False,0.0
192,Akamai,2022-08-09 11:22:00,10.7,medium,53846.0,4600,False,0.0
193,AWS,2022-08-11 02:49:00,8.5,low,84842.0,9200,False,0.0
194,GCP,2022-08-11 12:28:00,10.3,low,79496.0,7100,False,0.0
195,Azure,2022-08-13 23:39:00,25.4,low,192771.0,7800,False,0.0
196,Cloudflare,2022-08-13 06:12:00,40.8,medium,213513.0,5200,False,0.0
197,AWS,2022-08-17 06:10:00,313.6,high,3147164.0,9200,True,472075.0
198,Cloudflare,2022-08-19 13:36:00,1.0,medium,5618.0,5200,False,0.0
199,Azure,2022-08-20 19:28:00,3.7,medium,30535.0,7800,False,0.0
200,Cloudflare,2022-08-22 04:59:00,12.1,low,61754.0,5200,False,0.0
201,Cloudflare,2022-08-23 10:47:00,1.6,low,8427.0,5200,False,0.0
202,GCP,2022-08-25 23:59:00,2.3,low,17287.0,7100,False,0.0
203,Cloudflare,2022-08-29 03:51:00,4.9,low,24323.0,5200,False,0.0
204,Cloudflare,2022-09-01 16:18:00,6.7,low,35721.0,5200,False,0.0
205,Fastly,2022-09-02 14:38:00,816.4,critical,3566775.0,4100,True,535016.0
206,AWS,2022-09-03 21:24:00,24.3,critical,232836.0,9200,False,0.0
207,Fastly,2022-09-03 04:53:00,102.5,medium,418525.0,4100,True,62779.0
208,Fastly,2022-09-03 11:32:00,15.4,high,64208.0,4100,False,0.0
209,Azure,2022-09-05 16:13:00,676.4,high,5791563.0,7800,True,868734.0
210,Azure,2022-09-06 22:11:00,1.5,low,11939.0,7800,False,0.0
211,Cloudflare,2022-09-07 23:33:00,43.0,medium,236373.0,5200,False,0.0
212,GCP,2022-09-07 22:47:00,1.2,low,8906.0,7100,False,0.0
213,GCP,2022-09-09 09:50:00,38.2,high,282150.0,7100,False,0.0
214,GCP,2022-09-09 19:21:00,3.5,low,25925.0,7100,False,0.0
215,AWS,2022-09-09 09:07:00,5.9,low,53785.0,9200,False,0.0
216,Azure,2022-09-11 22:55:00,1.2,low,9312.0,7800,False,0.0
217,Vercel,2022-09-11 21:39:00,32.6,medium,90693.0,2800,False,0.0
218,Fastly,2022-09-12 10:27:00,2.4,low,8921.0,4100,False,0.0
219,AWS,2022-09-14 17:45:00,53.5,low,466710.0,9200,False,0.0
220,AWS,2022-09-17 08:54:00,13.9,low,119045.0,9200,False,0.0
221,AWS,2022-09-18 03:28:00,30.0,low,297332.0,9200,False,0.0
222,GCP,2022-09-19 10:02:00,126.7,high,859084.0,7100,True,128863.0
223,Azure,2022-09-21 16:17:00,179.0,high,1295239.0,7800,True,194286.0
224,AWS,2022-09-22 00:46:00,23.2,low,197209.0,9200,False,0.0
225,Azure,2022-09-24 03:14:00,1.0,low,8112.0,7800,False,0.0
226,Vercel,2022-09-26 14:17:00,114.0,medium,287668.0,2800,True,43150.0
227,Fastly,2022-09-27 06:29:00,110.9,high,452080.0,4100,True,67812.0
228,Azure,2022-09-29 04:50:00,204.3,high,1472071.0,7800,True,220811.0
229,Cloudflare,2022-09-30 14:51:00,14.6,low,81229.0,5200,False,0.0
230,GCP,2022-09-30 18:52:00,4.3,low,33329.0,7100,False,0.0
231,Azure,2022-10-01 23:54:00,100.2,medium,853269.0,7800,True,127990.0
232,Azure,2022-10-01 10:52:00,28.8,low,222033.0,7800,False,0.0
233,AWS,2022-10-03 02:53:00,81.8,medium,774311.0,9200,True,116147.0
234,Akamai,2022-10-03 16:50:00,8.6,low,40349.0,4600,False,0.0
235,Azure,2022-10-04 09:40:00,55.3,medium,418403.0,7800,False,0.0
236,Fastly,2022-10-04 09:56:00,7.9,low,32028.0,4100,False,0.0
237,AWS,2022-10-04 03:42:00,57.0,high,478706.0,9200,False,0.0
238,AWS,2022-10-04 17:48:00,6.6,medium,64311.0,9200,False,0.0
239,Cloudflare,2022-10-04 09:45:00,5.9,low,29090.0,5200,False,0.0
240,Cloudflare,2022-10-05 18:38:00,434.5,critical,2241563.0,5200,True,336234.0
241,AWS,2022-10-07 04:03:00,33.5,medium,307005.0,9200,False,0.0
242,Fastly,2022-10-08 04:40:00,375.5,critical,1558244.0,4100,True,233737.0
243,GCP,2022-10-08 02:38:00,218.8,high,1652243.0,7100,True,247836.0
244,Akamai,2022-10-10 15:11:00,8.0,low,38212.0,4600,False,0.0
245,AWS,2022-10-11 17:37:00,200.5,high,1904757.0,9200,True,285714.0
246,Fastly,2022-10-12 03:31:00,331.3,high,1365596.0,4100,True,204839.0
247,Azure,2022-10-13 15:32:00,39.4,medium,282486.0,7800,False,0.0
248,Azure,2022-10-13 00:59:00,1.0,low,7647.0,7800,False,0.0
249,GCP,2022-10-15 12:37:00,64.1,medium,496736.0,7100,True,74510.0
250,GCP,2022-10-15 02:45:00,5.9,low,46042.0,7100,False,0.0
251,GCP,2022-10-16 18:36:00,128.1,critical,951438.0,7100,True,142716.0
252,Akamai,2022-10-16 07:47:00,666.0,high,2896643.0,4600,True,434496.0
253,Vercel,2022-10-17 18:44:00,1.0,low,2577.0,2800,False,0.0
254,GCP,2022-10-26 03:33:00,28.3,medium,197505.0,7100,False,0.0
255,Cloudflare,2022-10-26 07:27:00,211.0,high,1175446.0,5200,True,176317.0
256,GCP,2022-10-26 16:38:00,19.0,low,140886.0,7100,False,0.0
257,GCP,2022-10-31 09:31:00,19.8,medium,151374.0,7100,False,0.0
258,Cloudflare,2022-11-03 06:16:00,671.4,high,3572122.0,5200,True,535818.0
259,Vercel,2022-11-04 23:07:00,98.3,high,254890.0,2800,True,38234.0
260,GCP,2022-11-05 14:30:00,244.5,high,1602211.0,7100,True,240332.0
261,Azure,2022-11-05 17:23:00,127.8,high,906726.0,7800,True,136009.0
262,Azure,2022-11-05 16:24:00,3.9,medium,30828.0,7800,False,0.0
263,Cloudflare,2022-11-05 10:45:00,14.0,low,69056.0,5200,False,0.0
264,Akamai,2022-11-05 22:58:00,194.6,high,937122.0,4600,True,140568.0
265,AWS,2022-11-05 07:46:00,23.9,low,228071.0,9200,False,0.0
266,Azure,2022-11-06 03:40:00,1.0,low,7516.0,7800,False,0.0
267,Fastly,2022-11-07 09:09:00,137.5,high,527309.0,4100,True,79096.0
268,Vercel,2022-11-08 10:12:00,433.6,critical,1117536.0,2800,True,167630.0
269,AWS,2022-11-10 04:30:00,18.3,low,176351.0,9200,False,0.0
270,GCP,2022-11-10 21:28:00,596.0,critical,4189657.0,7100,True,628449.0
271,Vercel,2022-11-13 08:48:00,33.0,low,89139.0,2800,False,0.0
272,Azure,2022-11-14 15:09:00,3.5,low,29247.0,7800,False,0.0
273,Akamai,2022-11-15 04:20:00,55.3,medium,259143.0,4600,False,0.0
274,GCP,2022-11-16 09:17:00,81.0,medium,577171.0,7100,True,86576.0
275,Vercel,2022-11-18 03:08:00,222.9,high,654500.0,2800,True,98175.0
276,AWS,2022-11-19 16:27:00,18.2,critical,178008.0,9200,False,0.0
277,AWS,2022-11-21 17:53:00,17.1,medium,163175.0,9200,False,0.0
278,Cloudflare,2022-11-24 01:02:00,41.6,medium,213724.0,5200,False,0.0
279,Cloudflare,2022-11-25 16:46:00,1.7,low,8627.0,5200,False,0.0
280,Vercel,2022-11-25 04:31:00,5.0,low,14761.0,2800,False,0.0
281,GCP,2022-11-26 11:35:00,4.1,high,29214.0,7100,False,0.0
282,Azure,2022-11-26 02:40:00,314.3,critical,2551752.0,7800,True,382763.0
283,Akamai,2022-11-27 11:19:00,181.0,medium,897609.0,4600,True,134641.0
284,Cloudflare,2022-11-29 18:58:00,8.7,medium,49003.0,5200,False,0.0
285,Azure,2022-11-30 20:40:00,64.4,medium,479988.0,7800,True,71998.0
286,AWS,2022-12-04 11:14:00,35.7,low,307938.0,9200,False,0.0
287,GCP,2022-12-04 09:02:00,7.1,low,48003.0,7100,False,0.0
288,GCP,2022-12-05 14:40:00,36.3,low,270687.0,7100,False,0.0
289,Fastly,2022-12-05 03:17:00,71.7,critical,286330.0,4100,True,42950.0
290,Akamai,2022-12-09 07:41:00,69.7,medium,299676.0,4600,True,44951.0
291,Vercel,2022-12-11 13:36:00,5.3,low,13648.0,2800,False,0.0
292,Vercel,2022-12-13 02:36:00,6.2,low,16760.0,2800,False,0.0
293,Akamai,2022-12-16 10:24:00,79.0,high,336954.0,4600,True,50543.0
294,GCP,2022-12-17 14:44:00,10.0,low,66121.0,7100,False,0.0
295,Fastly,2022-12-21 00:58:00,1.0,low,4251.0,4100,False,0.0
296,AWS,2022-12-21 15:55:00,40.0,medium,332652.0,9200,False,0.0
297,Fastly,2022-12-24 07:13:00,110.0,high,416503.0,4100,True,62475.0
298,Vercel,2022-12-24 02:03:00,25.4,low,76018.0,2800,False,0.0
299,Cloudflare,2022-12-26 05:03:00,25.0,low,138968.0,5200,False,0.0
300,GCP,2022-12-27 13:59:00,3.1,medium,21258.0,7100,False,0.0
301,Azure,2022-12-27 15:27:00,15.8,low,113084.0,7800,False,0.0
302,Azure,2022-12-27 15:26:00,1.6,low,12992.0,7800,False,0.0
303,Vercel,2022-12-28 03:15:00,9.4,low,25584.0,2800,False,0.0
304,Akamai,2022-12-28 04:03:00,340.0,critical,1421821.0,4600,True,213273.0
305,GCP,2022-12-29 21:23:00,2.4,low,15874.0,7100,False,0.0
306,Vercel,2022-12-29 01:40:00,5.1,low,13244.0,2800,False,0.0
307,Cloudflare,2022-12-30 22:00:00,7.9,low,41812.0,5200,False,0.0
308,AWS,2023-01-01 13:33:00,14.7,medium,146008.0,9200,False,0.0
309,GCP,2023-01-01 04:15:00,33.6,high,252543.0,7100,False,0.0
310,Cloudflare,2023-01-02 17:56:00,49.0,high,257170.0,5200,False,0.0
311,Cloudflare,2023-01-02 11:52:00,5.2,low,26619.0,5200,False,0.0
312,Cloudflare,2023-01-02 06:49:00,63.6,medium,338570.0,5200,True,50786.0
313,Akamai,2023-01-04 15:22:00,6.5,low,29564.0,4600,False,0.0
314,Akamai,2023-01-04 10:16:00,9.5,low,41481.0,4600,False,0.0
315,Azure,2023-01-05 07:58:00,40.0,medium,323182.0,7800,False,0.0
316,Cloudflare,2023-01-05 02:37:00,6.8,low,38000.0,5200,False,0.0
317,Azure,2023-01-05 22:14:00,32.9,medium,250095.0,7800,False,0.0
318,AWS,2023-01-05 09:52:00,453.5,critical,4457193.0,9200,True,668579.0
319,Cloudflare,2023-01-06 00:03:00,265.5,critical,1361570.0,5200,True,204236.0
320,AWS,2023-01-07 23:16:00,74.7,medium,673679.0,9200,True,101052.0
321,GCP,2023-01-07 08:08:00,307.4,medium,1976650.0,7100,True,296498.0
322,AWS,2023-01-08 17:46:00,2.4,high,22942.0,9200,False,0.0
323,Azure,2023-01-09 03:32:00,4.7,medium,38915.0,7800,False,0.0
324,Azure,2023-01-11 07:37:00,227.6,high,1833352.0,7800,True,275003.0
325,Vercel,2023-01-11 19:32:00,186.7,high,486309.0,2800,True,72946.0
326,Cloudflare,2023-01-12 09:59:00,18.4,low,88089.0,5200,False,0.0
327,AWS,2023-01-13 07:42:00,144.0,medium,1344105.0,9200,True,201616.0
328,Azure,2023-01-13 03:04:00,485.6,high,3713075.0,7800,True,556961.0
329,AWS,2023-01-14 04:59:00,44.3,medium,401781.0,9200,False,0.0
330,Azure,2023-01-17 22:35:00,25.7,medium,219215.0,7800,False,0.0
331,AWS,2023-01-19 05:40:00,192.1,high,1846469.0,9200,True,276970.0
332,AWS,2023-01-19 09:22:00,14.2,low,128335.0,9200,False,0.0
333,Cloudflare,2023-01-20 03:32:00,6.4,low,30079.0,5200,False,0.0
334,AWS,2023-01-21 13:13:00,3.4,low,28365.0,9200,False,0.0
335,Azure,2023-01-21 11:09:00,77.0,medium,622799.0,7800,True,93420.0
336,Cloudflare,2023-01-22 02:48:00,148.8,medium,826026.0,5200,True,123904.0
337,Cloudflare,2023-01-24 22:00:00,18.9,low,102363.0,5200,False,0.0
338,Cloudflare,2023-01-24 00:27:00,76.8,medium,391843.0,5200,True,58776.0
339,Azure,2023-01-26 09:18:00,88.1,high,622741.0,7800,True,93411.0
340,AWS,2023-01-27 03:07:00,83.9,high,844036.0,9200,True,126605.0
341,Azure,2023-01-28 08:28:00,21.3,medium,182300.0,7800,False,0.0
342,Cloudflare,2023-01-29 06:10:00,67.8,medium,356041.0,5200,True,53406.0
343,AWS,2023-01-31 16:14:00,10.4,low,87464.0,9200,False,0.0
344,Vercel,2023-02-01 02:36:00,15.0,low,42344.0,2800,False,0.0
345,AWS,2023-02-01 13:20:00,121.0,medium,1200550.0,9200,True,180082.0
346,Azure,2023-02-03 07:39:00,3.3,low,26667.0,7800,False,0.0
347,AWS,2023-02-04 07:25:00,175.0,medium,1680837.0,9200,True,252126.0
348,Cloudflare,2023-02-04 10:31:00,14.2,low,67711.0,5200,False,0.0
349,Vercel,2023-02-06 09:54:00,1.1,low,2838.0,2800,False,0.0
350,Azure,2023-02-06 19:34:00,169.0,high,1219954.0,7800,True,182993.0
351,Azure,2023-02-09 23:37:00,16.5,low,139109.0,7800,False,0.0
352,Azure,2023-02-11 17:09:00,7.5,low,58802.0,7800,False,0.0
353,Vercel,2023-02-11 00:59:00,14.5,medium,42968.0,2800,False,0.0
354,Cloudflare,2023-02-12 14:20:00,27.2,medium,130557.0,5200,False,0.0
355,Azure,2023-02-12 13:23:00,5.6,low,47416.0,7800,False,0.0
356,Cloudflare,2023-02-14 15:24:00,163.9,medium,907021.0,5200,True,136053.0
357,Fastly,2023-02-16 01:58:00,57.5,medium,222773.0,4100,False,0.0
358,Azure,2023-02-16 01:49:00,99.9,medium,837534.0,7800,True,125630.0
359,Cloudflare,2023-02-18 17:29:00,346.4,critical,1716059.0,5200,True,257409.0
360,Fastly,2023-02-19 13:39:00,66.7,medium,257354.0,4100,True,38603.0
361,Fastly,2023-02-20 03:44:00,391.1,critical,1527903.0,4100,True,229185.0
362,Akamai,2023-02-20 20:46:00,53.1,medium,264287.0,4600,False,0.0
363,Azure,2023-02-22 20:28:00,5.8,low,49000.0,7800,False,0.0
364,Azure,2023-02-22 03:36:00,232.1,medium,1748463.0,7800,True,262269.0
365,Cloudflare,2023-02-22 00:09:00,5.3,low,28692.0,5200,False,0.0
366,AWS,2023-02-22 19:55:00,8.0,low,76187.0,9200,False,0.0
367,Azure,2023-02-23 00:59:00,4.7,medium,38908.0,7800,False,0.0
368,GCP,2023-02-24 12:50:00,371.0,critical,2526897.0,7100,True,379035.0
369,Fastly,2023-02-25 03:17:00,58.7,medium,241158.0,4100,False,0.0
370,Vercel,2023-02-26 05:03:00,39.7,medium,114888.0,2800,False,0.0
371,Cloudflare,2023-02-26 19:53:00,9.7,low,45661.0,5200,False,0.0
372,AWS,2023-03-01 10:53:00,57.2,high,513267.0,9200,False,0.0
373,Vercel,2023-03-01 21:58:00,15.7,low,45682.0,2800,False,0.0
374,AWS,2023-03-01 19:38:00,76.6,medium,669850.0,9200,True,100478.0
375,Vercel,2023-03-01 09:14:00,4.2,low,12837.0,2800,False,0.0
376,Azure,2023-03-04 09:48:00,206.1,high,1456519.0,7800,True,218478.0
377,Fastly,2023-03-05 15:17:00,1.0,low,4476.0,4100,False,0.0
378,Fastly,2023-03-06 10:22:00,18.0,medium,69619.0,4100,False,0.0
379,AWS,2023-03-06 04:14:00,81.6,medium,682978.0,9200,True,102447.0
380,Azure,2023-03-08 07:10:00,58.0,medium,433623.0,7800,False,0.0
381,Azure,2023-03-08 00:50:00,82.1,medium,677046.0,7800,True,101557.0
382,Cloudflare,2023-03-11 04:16:00,11.7,medium,63912.0,5200,False,0.0
383,Cloudflare,2023-03-12 04:57:00,62.3,medium,305095.0,5200,True,45764.0
384,Azure,2023-03-12 02:58:00,15.8,high,115766.0,7800,False,0.0
385,AWS,2023-03-12 04:55:00,9.0,medium,85161.0,9200,False,0.0
386,AWS,2023-03-15 14:39:00,129.1,medium,1177763.0,9200,True,176664.0
387,GCP,2023-03-18 04:46:00,118.8,medium,892788.0,7100,True,133918.0
388,AWS,2023-03-18 15:02:00,6.7,low,55774.0,9200,False,0.0
389,AWS,2023-03-20 22:45:00,31.3,medium,294319.0,9200,False,0.0
390,Azure,2023-03-21 14:17:00,24.8,low,202364.0,7800,False,0.0
391,Vercel,2023-03-23 02:44:00,5.4,low,16612.0,2800,False,0.0
392,GCP,2023-03-25 01:29:00,42.9,high,315481.0,7100,False,0.0
393,Vercel,2023-03-29 04:30:00,46.7,high,123747.0,2800,False,0.0
394,AWS,2023-04-04 12:56:00,24.5,medium,207737.0,9200,False,0.0
395,Vercel,2023-04-04 01:53:00,1.1,low,3167.0,2800,False,0.0
396,AWS,2023-04-05 16:12:00,19.9,medium,183929.0,9200,False,0.0
397,Azure,2023-04-06 21:25:00,9.7,medium,81700.0,7800,False,0.0
398,AWS,2023-04-07 02:18:00,7.7,high,74051.0,9200,False,0.0
399,Azure,2023-04-09 17:16:00,557.1,high,4353847.0,7800,True,653077.0
400,AWS,2023-04-09 03:58:00,28.5,low,257144.0,9200,False,0.0
401,GCP,2023-04-10 10:42:00,4.5,low,31339.0,7100,False,0.0
402,Azure,2023-04-10 02:37:00,62.2,medium,458603.0,7800,True,68790.0
403,Vercel,2023-04-11 18:45:00,17.5,low,44270.0,2800,False,0.0
404,Fastly,2023-04-11 20:02:00,212.1,high,882639.0,4100,True,132396.0
405,Vercel,2023-04-13 08:00:00,84.1,medium,221936.0,2800,True,33290.0
406,Cloudflare,2023-04-14 02:40:00,1.0,low,4897.0,5200,False,0.0
407,Azure,2023-04-15 03:47:00,87.8,medium,633529.0,7800,True,95029.0
408,AWS,2023-04-15 05:09:00,1.0,low,8629.0,9200,False,0.0
409,Fastly,2023-04-18 08:53:00,6.5,low,24154.0,4100,False,0.0
410,AWS,2023-04-20 04:47:00,24.9,medium,237063.0,9200,False,0.0
411,Cloudflare,2023-04-20 20:46:00,11.9,medium,60660.0,5200,False,0.0
412,Azure,2023-04-20 02:35:00,22.6,medium,178449.0,7800,False,0.0
413,AWS,2023-04-21 09:02:00,65.1,medium,615325.0,9200,True,92299.0
414,Fastly,2023-04-22 15:35:00,7.4,medium,33207.0,4100,False,0.0
415,Cloudflare,2023-04-22 14:28:00,4.9,low,23280.0,5200,False,0.0
416,Fastly,2023-04-24 02:31:00,86.0,high,346812.0,4100,True,52022.0
417,Akamai,2023-04-24 09:30:00,1286.7,critical,5618023.0,4600,True,842703.0
418,GCP,2023-04-25 07:01:00,60.2,medium,425429.0,7100,True,63814.0
419,Vercel,2023-04-25 17:30:00,37.3,medium,113223.0,2800,False,0.0
420,Fastly,2023-04-25 02:39:00,39.8,low,170490.0,4100,False,0.0
421,Cloudflare,2023-04-27 12:29:00,1.9,low,10200.0,5200,False,0.0
422,Cloudflare,2023-04-27 02:15:00,1.6,low,8222.0,5200,False,0.0
423,GCP,2023-04-28 02:25:00,1.0,low,7343.0,7100,False,0.0
424,GCP,2023-04-28 04:30:00,86.2,high,554781.0,7100,True,83217.0
425,AWS,2023-04-28 13:13:00,337.9,high,3162298.0,9200,True,474345.0
426,Akamai,2023-04-29 04:44:00,160.5,medium,746241.0,4600,True,111936.0
427,GCP,2023-04-29 15:15:00,617.3,critical,4248400.0,7100,True,637260.0
428,Cloudflare,2023-04-29 07:39:00,4.3,low,21025.0,5200,False,0.0
429,Azure,2023-04-29 11:39:00,295.0,high,2442537.0,7800,True,366381.0
430,Cloudflare,2023-05-04 03:07:00,4.5,low,21312.0,5200,False,0.0
431,Fastly,2023-05-11 12:00:00,7.8,low,29228.0,4100,False,0.0
432,Azure,2023-05-11 14:34:00,7.0,medium,53950.0,7800,False,0.0
433,GCP,2023-05-12 14:12:00,80.2,medium,541240.0,7100,True,81186.0
434,AWS,2023-05-13 10:50:00,48.4,medium,467139.0,9200,False,0.0
435,Akamai,2023-05-14 02:10:00,94.3,medium,445422.0,4600,True,66813.0
436,Azure,2023-05-15 20:39:00,8.0,medium,65801.0,7800,False,0.0
437,GCP,2023-05-16 20:45:00,438.3,high,3002813.0,7100,True,450422.0
438,Cloudflare,2023-05-19 14:57:00,150.1,medium,818066.0,5200,True,122710.0
439,Azure,2023-05-19 05:35:00,1.0,low,8365.0,7800,False,0.0
440,Azure,2023-05-19 20:50:00,11.4,low,86168.0,7800,False,0.0
441,Azure,2023-05-21 02:48:00,7.8,low,58892.0,7800,False,0.0
442,AWS,2023-05-22 01:03:00,1.0,low,9936.0,9200,False,0.0
443,Azure,2023-05-24 11:58:00,49.4,medium,350625.0,7800,False,0.0
444,GCP,2023-05-24 21:25:00,38.4,medium,264471.0,7100,False,0.0
445,Akamai,2023-05-24 19:22:00,6.0,low,25495.0,4600,False,0.0
446,Fastly,2023-05-25 09:36:00,163.6,high,607572.0,4100,True,91136.0
447,GCP,2023-05-26 13:38:00,3.1,medium,20306.0,7100,False,0.0
448,GCP,2023-05-26 17:03:00,3.7,low,25909.0,7100,False,0.0
449,Cloudflare,2023-05-28 13:54:00,24.1,low,130006.0,5200,False,0.0
450,AWS,2023-05-28 13:41:00,21.8,low,192108.0,9200,False,0.0
451,AWS,2023-05-28 03:14:00,26.7,medium,262819.0,9200,False,0.0
452,AWS,2023-05-29 00:02:00,10.2,low,92669.0,9200,False,0.0
453,AWS,2023-05-29 01:40:00,253.0,critical,2545570.0,9200,True,381836.0
454,Azure,2023-05-29 03:16:00,240.3,high,2044588.0,7800,True,306688.0
455,Cloudflare,2023-05-29 21:42:00,4.4,medium,24131.0,5200,False,0.0
456,Vercel,2023-05-30 14:27:00,2.3,low,6997.0,2800,False,0.0
457,Azure,2023-05-30 04:24:00,11.5,low,93415.0,7800,False,0.0
458,Fastly,2023-05-30 04:56:00,102.1,medium,451729.0,4100,True,67759.0
459,Cloudflare,2023-06-01 13:55:00,69.1,high,340382.0,5200,True,51057.0
460,Fastly,2023-06-01 15:33:00,33.9,medium,134693.0,4100,False,0.0
461,Cloudflare,2023-06-03 23:07:00,35.8,low,195577.0,5200,False,0.0
462,Azure,2023-06-03 15:42:00,24.4,medium,187448.0,7800,False,0.0
463,AWS,2023-06-04 03:23:00,4.3,high,42229.0,9200,False,0.0
464,Azure,2023-06-05 08:20:00,160.1,high,1343098.0,7800,True,201465.0
465,AWS,2023-06-07 03:57:00,8.2,low,72418.0,9200,False,0.0
466,AWS,2023-06-07 12:32:00,11.8,low,115583.0,9200,False,0.0
467,AWS,2023-06-07 19:42:00,20.9,medium,178984.0,9200,False,0.0
468,Fastly,2023-06-08 03:33:00,18.8,low,74524.0,4100,False,0.0
469,Azure,2023-06-09 02:38:00,251.8,high,1971097.0,7800,True,295665.0
470,Vercel,2023-06-09 14:08:00,4.2,low,11117.0,2800,False,0.0
471,Cloudflare,2023-06-11 20:28:00,1969.4,critical,10403234.0,5200,True,1560485.0
472,Azure,2023-06-13 04:34:00,8.5,critical,67343.0,7800,False,0.0
473,Vercel,2023-06-14 07:22:00,89.6,medium,236174.0,2800,True,35426.0
474,Cloudflare,2023-06-18 07:16:00,40.3,low,221951.0,5200,False,0.0
475,AWS,2023-06-18 04:04:00,6.2,low,58542.0,9200,False,0.0
476,Azure,2023-06-20 02:18:00,160.7,critical,1207774.0,7800,True,181166.0
477,Vercel,2023-06-20 13:18:00,61.2,high,162181.0,2800,True,24327.0
478,Cloudflare,2023-06-23 15:24:00,13.3,low,74399.0,5200,False,0.0
479,AWS,2023-06-23 09:47:00,13.0,low,127631.0,9200,False,0.0
480,Vercel,2023-06-28 13:07:00,16.0,medium,42379.0,2800,False,0.0
481,Akamai,2023-06-29 02:22:00,21.7,low,90549.0,4600,False,0.0
482,Azure,2023-06-29 16:47:00,210.1,high,1738592.0,7800,True,260789.0
483,Cloudflare,2023-06-30 05:14:00,386.5,critical,2056230.0,5200,True,308434.0
484,Fastly,2023-06-30 23:31:00,824.5,critical,3110610.0,4100,True,466592.0
485,Azure,2023-07-01 08:28:00,1.6,low,12698.0,7800,False,0.0
486,GCP,2023-07-03 11:19:00,84.6,medium,594916.0,7100,True,89237.0
487,GCP,2023-07-03 16:20:00,75.5,medium,565485.0,7100,True,84823.0
488,Azure,2023-07-04 03:04:00,18.9,high,138843.0,7800,False,0.0
489,AWS,2023-07-04 02:17:00,44.8,high,408299.0,9200,False,0.0
490,Cloudflare,2023-07-05 03:54:00,62.1,low,300719.0,5200,True,45108.0
491,Azure,2023-07-07 05:36:00,92.8,medium,790075.0,7800,True,118511.0
492,Vercel,2023-07-08 23:55:00,9.9,low,29265.0,2800,False,0.0
493,AWS,2023-07-09 05:58:00,37.0,low,356516.0,9200,False,0.0
494,Azure,2023-07-09 03:46:00,6.7,low,54248.0,7800,False,0.0
495,Akamai,2023-07-11 16:41:00,36.8,low,166684.0,4600,False,0.0
496,AWS,2023-07-13 02:55:00,4.7,low,46901.0,9200,False,0.0
497,GCP,2023-07-13 22:26:00,25.4,high,164936.0,7100,False,0.0
498,Vercel,2023-07-16 20:56:00,671.9,high,1995425.0,2800,True,299314.0
499,GCP,2023-07-17 15:09:00,7.1,low,47539.0,7100,False,0.0
500,AWS,2023-07-18 02:17:00,2.5,low,22191.0,9200,False,0.0
501,Cloudflare,2023-07-19 18:26:00,51.8,critical,270407.0,5200,False,0.0
502,GCP,2023-07-21 14:28:00,33.4,low,250546.0,7100,False,0.0
503,GCP,2023-07-22 21:09:00,10.9,low,82630.0,7100,False,0.0
504,Cloudflare,2023-07-23 21:15:00,24.8,medium,131120.0,5200,False,0.0
505,GCP,2023-07-24 10:12:00,13.8,low,96080.0,7100,False,0.0
506,AWS,2023-07-24 11:45:00,1.1,low,11024.0,9200,False,0.0
507,Vercel,2023-07-24 02:49:00,78.3,critical,208125.0,2800,True,31219.0
508,AWS,2023-07-27 15:19:00,135.1,critical,1318264.0,9200,True,197740.0
509,GCP,2023-07-28 12:43:00,3.6,low,26133.0,7100,False,0.0
510,Azure,2023-07-28 22:17:00,35.9,high,273126.0,7800,False,0.0
511,Vercel,2023-07-29 08:54:00,722.9,high,1822262.0,2800,True,273339.0
512,Vercel,2023-07-31 07:48:00,1.0,low,2770.0,2800,False,0.0
513,AWS,2023-08-02 11:25:00,36.5,medium,320805.0,9200,False,0.0
514,Cloudflare,2023-08-05 08:29:00,39.3,low,188189.0,5200,False,0.0
515,GCP,2023-08-06 01:41:00,94.4,critical,613291.0,7100,True,91994.0
516,Cloudflare,2023-08-07 16:35:00,20.4,medium,102846.0,5200,False,0.0
517,AWS,2023-08-10 13:52:00,35.3,medium,332214.0,9200,False,0.0
518,Vercel,2023-08-12 03:02:00,14.7,low,43938.0,2800,False,0.0
519,AWS,2023-08-12 12:07:00,456.4,critical,3933144.0,9200,True,589972.0
520,AWS,2023-08-14 02:30:00,45.7,medium,414103.0,9200,False,0.0
521,Akamai,2023-08-15 21:16:00,34.5,high,155271.0,4600,False,0.0
522,GCP,2023-08-16 10:09:00,50.6,high,360222.0,7100,False,0.0
523,GCP,2023-08-16 11:49:00,26.9,low,202816.0,7100,False,0.0
524,GCP,2023-08-17 21:57:00,11.7,low,83961.0,7100,False,0.0
525,Cloudflare,2023-08-17 09:58:00,235.8,high,1311171.0,5200,True,196676.0
526,Vercel,2023-08-17 12:10:00,87.5,high,245909.0,2800,True,36886.0
527,Azure,2023-08-18 01:34:00,72.2,high,574857.0,7800,True,86229.0
528,Azure,2023-08-18 23:01:00,681.0,critical,5245278.0,7800,True,786792.0
529,Azure,2023-08-18 04:15:00,31.0,low,257425.0,7800,False,0.0
530,AWS,2023-08-19 04:02:00,139.3,high,1390192.0,9200,True,208529.0
531,Azure,2023-08-20 02:36:00,104.7,medium,839387.0,7800,True,125908.0
532,AWS,2023-08-20 03:51:00,7.7,medium,75385.0,9200,False,0.0
533,Azure,2023-08-21 14:35:00,109.3,high,777347.0,7800,True,116602.0
534,GCP,2023-08-21 09:38:00,1.7,low,13050.0,7100,False,0.0
535,Azure,2023-08-21 06:47:00,8.4,low,61444.0,7800,False,0.0
536,AWS,2023-08-24 16:41:00,92.2,medium,806934.0,9200,True,121040.0
537,Cloudflare,2023-08-26 21:09:00,3.2,low,15153.0,5200,False,0.0
538,Akamai,2023-08-29 01:35:00,161.0,critical,809535.0,4600,True,121430.0
539,Cloudflare,2023-08-30 14:33:00,85.1,high,473674.0,5200,True,71051.0
540,AWS,2023-08-30 09:38:00,6.9,medium,68726.0,9200,False,0.0
541,AWS,2023-08-31 14:21:00,4.0,low,39356.0,9200,False,0.0
542,Cloudflare,2023-09-01 06:39:00,8.7,low,45055.0,5200,False,0.0
543,Fastly,2023-09-01 09:43:00,77.8,medium,346035.0,4100,True,51905.0
544,AWS,2023-09-02 08:30:00,42.4,high,426706.0,9200,False,0.0
545,Azure,2023-09-03 19:29:00,10.6,medium,82722.0,7800,False,0.0
546,AWS,2023-09-03 05:33:00,1.2,high,10324.0,9200,False,0.0
547,Cloudflare,2023-09-08 01:07:00,39.1,low,209770.0,5200,False,0.0
548,AWS,2023-09-08 08:39:00,1.5,medium,15112.0,9200,False,0.0
549,GCP,2023-09-10 23:43:00,120.1,medium,916177.0,7100,True,137427.0
550,AWS,2023-09-13 01:37:00,38.3,low,377858.0,9200,False,0.0
551,Cloudflare,2023-09-14 17:34:00,2.0,low,11302.0,5200,False,0.0
552,Fastly,2023-09-15 15:05:00,10.2,low,45115.0,4100,False,0.0
553,GCP,2023-09-16 22:08:00,3.6,low,26972.0,7100,False,0.0
554,Akamai,2023-09-16 20:39:00,45.5,low,218437.0,4600,False,0.0
555,GCP,2023-09-18 10:56:00,7.9,medium,53451.0,7100,False,0.0
556,GCP,2023-09-19 09:34:00,23.0,medium,167263.0,7100,False,0.0
557,Azure,2023-09-20 03:38:00,32.4,medium,253806.0,7800,False,0.0
558,Azure,2023-09-20 21:33:00,1.2,low,10038.0,7800,False,0.0
559,Akamai,2023-09-24 04:27:00,99.9,medium,458778.0,4600,True,68817.0
560,Azure,2023-09-26 01:03:00,25.4,high,183370.0,7800,False,0.0
561,Azure,2023-09-30 07:09:00,56.3,medium,395663.0,7800,False,0.0
562,Cloudflare,2023-09-30 15:05:00,236.7,medium,1274627.0,5200,True,191194.0
563,Vercel,2023-10-01 03:21:00,7.0,medium,19796.0,2800,False,0.0
564,AWS,2023-10-01 04:05:00,217.9,high,1936907.0,9200,True,290536.0
565,Fastly,2023-10-02 09:36:00,4.6,low,17611.0,4100,False,0.0
566,AWS,2023-10-03 03:48:00,14.5,low,132512.0,9200,False,0.0
567,Fastly,2023-10-04 02:02:00,7.1,low,26783.0,4100,False,0.0
568,Cloudflare,2023-10-05 21:32:00,31.0,medium,155916.0,5200,False,0.0
569,Cloudflare,2023-10-05 11:51:00,2.9,medium,14716.0,5200,False,0.0
570,AWS,2023-10-06 01:15:00,7.9,medium,72180.0,9200,False,0.0
571,Vercel,2023-10-08 16:24:00,2.2,medium,6119.0,2800,False,0.0
572,Azure,2023-10-10 02:36:00,19.0,medium,140998.0,7800,False,0.0
573,AWS,2023-10-10 12:33:00,127.7,high,1257128.0,9200,True,188569.0
574,Vercel,2023-10-11 02:57:00,13.7,medium,37252.0,2800,False,0.0
575,Vercel,2023-10-15 09:47:00,16.0,low,42377.0,2800,False,0.0
576,Azure,2023-10-16 21:32:00,26.5,critical,193298.0,7800,False,0.0
577,AWS,2023-10-18 14:00:00,42.6,medium,378013.0,9200,False,0.0
578,AWS,2023-10-18 18:43:00,95.9,medium,805972.0,9200,True,120896.0
579,Cloudflare,2023-10-19 10:48:00,29.4,low,138598.0,5200,False,0.0
580,Cloudflare,2023-10-20 04:07:00,13.2,low,70083.0,5200,False,0.0
581,GCP,2023-10-21 02:53:00,118.2,high,859218.0,7100,True,128883.0
582,GCP,2023-10-21 02:50:00,1.4,medium,9999.0,7100,False,0.0
583,AWS,2023-10-23 12:15:00,35.7,high,345669.0,9200,False,0.0
584,AWS,2023-10-23 12:13:00,265.0,critical,2213290.0,9200,True,331994.0
585,Azure,2023-10-25 15:28:00,12.7,medium,107697.0,7800,False,0.0
586,Vercel,2023-10-29 14:51:00,4.8,low,12352.0,2800,False,0.0
587,Cloudflare,2023-10-31 14:19:00,57.3,high,308330.0,5200,False,0.0
588,Akamai,2023-10-31 16:54:00,3.2,low,13641.0,4600,False,0.0
589,Fastly,2023-11-05 03:39:00,12.5,low,55144.0,4100,False,0.0
590,GCP,2023-11-05 23:17:00,804.4,critical,5723477.0,7100,True,858522.0
591,Azure,2023-11-08 02:14:00,11.4,low,81492.0,7800,False,0.0
592,GCP,2023-11-08 02:29:00,1.9,low,13805.0,7100,False,0.0
593,AWS,2023-11-10 03:52:00,5.0,medium,41484.0,9200,False,0.0
594,GCP,2023-11-11 15:38:00,1.3,low,9740.0,7100,False,0.0
595,Vercel,2023-11-17 03:51:00,7.6,low,21921.0,2800,False,0.0
596,Vercel,2023-11-17 16:36:00,101.1,high,266810.0,2800,True,40022.0
597,AWS,2023-11-17 21:04:00,227.3,high,2038777.0,9200,True,305817.0
598,AWS,2023-11-18 05:05:00,4.8,high,39813.0,9200,False,0.0
599,Fastly,2023-11-21 23:49:00,6.3,medium,26831.0,4100,False,0.0
600,AWS,2023-11-23 02:54:00,185.1,medium,1642524.0,9200,True,246379.0
601,Akamai,2023-11-27 03:02:00,3.8,low,17730.0,4600,False,0.0
602,Azure,2023-11-27 10:50:00,51.4,low,437542.0,7800,False,0.0
603,GCP,2023-11-30 10:45:00,3.6,medium,24535.0,7100,False,0.0
604,AWS,2023-12-01 04:02:00,93.1,medium,940500.0,9200,True,141075.0
605,Cloudflare,2023-12-02 20:17:00,1.2,low,6406.0,5200,False,0.0
606,Cloudflare,2023-12-02 10:56:00,72.6,critical,358047.0,5200,True,53707.0
607,Cloudflare,2023-12-06 14:26:00,40.1,medium,205883.0,5200,False,0.0
608,Fastly,2023-12-06 23:06:00,13.0,medium,55863.0,4100,False,0.0
609,Azure,2023-12-08 14:22:00,14.5,low,111889.0,7800,False,0.0
610,GCP,2023-12-09 12:48:00,399.2,high,2589722.0,7100,True,388458.0
611,GCP,2023-12-09 21:21:00,36.7,medium,243300.0,7100,False,0.0
612,AWS,2023-12-12 09:09:00,42.3,high,411832.0,9200,False,0.0
613,Azure,2023-12-13 02:55:00,75.5,high,606375.0,7800,True,90956.0
614,Akamai,2023-12-17 04:03:00,190.2,high,887138.0,4600,True,133071.0
615,Akamai,2023-12-18 15:54:00,317.6,high,1363842.0,4600,True,204576.0
616,AWS,2023-12-19 04:23:00,13.7,low,134554.0,9200,False,0.0
617,AWS,2023-12-19 14:17:00,17.6,low,176841.0,9200,False,0.0
618,GCP,2023-12-19 02:16:00,31.1,critical,200535.0,7100,False,0.0
619,Vercel,2023-12-22 04:10:00,10.1,low,25893.0,2800,False,0.0
620,Akamai,2023-12-23 10:56:00,10.0,low,49539.0,4600,False,0.0
621,Akamai,2023-12-25 15:37:00,7.4,medium,36188.0,4600,False,0.0
622,GCP,2023-12-28 03:47:00,39.3,low,285611.0,7100,False,0.0
623,AWS,2023-12-28 14:19:00,33.4,medium,334626.0,9200,False,0.0
624,Azure,2023-12-30 19:45:00,491.8,critical,3948383.0,7800,True,592257.0
625,Cloudflare,2023-12-30 16:35:00,3.8,low,18638.0,5200,False,0.0
626,Azure,2023-12-30 04:34:00,14.5,low,118272.0,7800,False,0.0
627,GCP,2023-12-31 06:28:00,103.7,medium,757726.0,7100,True,113659.0
628,GCP,2024-01-01 21:53:00,15.0,medium,116846.0,7100,False,0.0
629,Azure,2024-01-05 04:25:00,7.1,low,52211.0,7800,False,0.0
630,Azure,2024-01-05 22:35:00,2.4,low,19086.0,7800,False,0.0
631,AWS,2024-01-06 16:32:00,494.0,high,4799461.0,9200,True,719919.0
632,AWS,2024-01-08 08:58:00,46.0,critical,409572.0,9200,False,0.0
633,AWS,2024-01-09 15:58:00,267.6,critical,2402676.0,9200,True,360401.0
634,AWS,2024-01-10 10:29:00,1.0,low,9914.0,9200,False,0.0
635,Azure,2024-01-11 04:36:00,25.5,low,195089.0,7800,False,0.0
636,Cloudflare,2024-01-11 18:50:00,24.7,medium,131644.0,5200,False,0.0
637,AWS,2024-01-11 23:10:00,42.7,medium,423422.0,9200,False,0.0
638,Cloudflare,2024-01-13 02:21:00,141.1,medium,691139.0,5200,True,103671.0
639,Azure,2024-01-18 01:57:00,7.4,low,63283.0,7800,False,0.0
640,Fastly,2024-01-19 05:14:00,13.0,medium,55453.0,4100,False,0.0
641,AWS,2024-01-19 02:55:00,84.0,medium,772201.0,9200,True,115830.0
642,AWS,2024-01-23 13:06:00,138.9,medium,1260225.0,9200,True,189034.0
643,Azure,2024-01-23 01:41:00,200.5,high,1706016.0,7800,True,255902.0
644,AWS,2024-01-24 06:56:00,76.3,high,660646.0,9200,True,99097.0
645,AWS,2024-01-29 16:47:00,37.4,medium,331121.0,9200,False,0.0
646,Azure,2024-01-30 07:22:00,33.9,critical,254255.0,7800,False,0.0
647,AWS,2024-01-30 00:13:00,7.5,low,66088.0,9200,False,0.0
648,Cloudflare,2024-02-01 03:09:00,40.3,medium,208241.0,5200,False,0.0
649,Akamai,2024-02-01 04:28:00,377.8,critical,1907907.0,4600,True,286186.0
650,Vercel,2024-02-02 13:05:00,21.0,low,63372.0,2800,False,0.0
651,GCP,2024-02-05 08:56:00,4.3,low,29479.0,7100,False,0.0
652,Cloudflare,2024-02-05 14:45:00,63.5,high,325106.0,5200,True,48766.0
653,GCP,2024-02-05 06:31:00,103.8,medium,761961.0,7100,True,114294.0
654,Azure,2024-02-06 12:57:00,1.6,medium,11275.0,7800,False,0.0
655,GCP,2024-02-07 04:10:00,3.0,medium,22664.0,7100,False,0.0
656,AWS,2024-02-07 08:53:00,18.5,medium,183128.0,9200,False,0.0
657,Azure,2024-02-07 04:10:00,17.2,medium,143744.0,7800,False,0.0
658,Fastly,2024-02-11 11:40:00,126.8,critical,506889.0,4100,True,76033.0
659,Cloudflare,2024-02-12 17:14:00,8.4,low,43348.0,5200,False,0.0
660,Fastly,2024-02-12 01:20:00,162.4,medium,600906.0,4100,True,90136.0
661,AWS,2024-02-12 09:37:00,264.4,medium,2383536.0,9200,True,357530.0
662,Cloudflare,2024-02-13 02:11:00,8.3,low,42818.0,5200,False,0.0
663,GCP,2024-02-17 14:55:00,4.5,low,34551.0,7100,False,0.0
664,AWS,2024-02-17 02:38:00,26.8,medium,265988.0,9200,False,0.0
665,Fastly,2024-02-18 05:55:00,9.4,medium,42133.0,4100,False,0.0
666,Azure,2024-02-18 02:05:00,44.2,medium,371314.0,7800,False,0.0
667,Cloudflare,2024-02-18 13:49:00,331.1,critical,1552372.0,5200,True,232856.0
668,AWS,2024-02-18 10:55:00,11.5,low,108793.0,9200,False,0.0
669,Cloudflare,2024-02-21 22:34:00,9.7,high,46084.0,5200,False,0.0
670,Vercel,2024-02-22 22:46:00,247.5,critical,661482.0,2800,True,99222.0
671,Cloudflare,2024-02-22 03:07:00,8.1,low,42780.0,5200,False,0.0
672,Cloudflare,2024-02-23 07:20:00,5.6,low,30288.0,5200,False,0.0
673,AWS,2024-02-23 00:11:00,18.6,medium,176412.0,9200,False,0.0
674,AWS,2024-02-26 01:10:00,14.6,medium,122206.0,9200,False,0.0
675,Cloudflare,2024-02-27 09:15:00,131.1,medium,627674.0,5200,True,94151.0
676,Vercel,2024-02-27 02:05:00,1.0,low,2592.0,2800,False,0.0
677,Akamai,2024-02-28 05:29:00,5.0,medium,21121.0,4600,False,0.0
678,Azure,2024-02-29 12:51:00,1.0,low,7298.0,7800,False,0.0
679,Fastly,2024-03-01 13:01:00,9.3,medium,39567.0,4100,False,0.0
680,Azure,2024-03-03 11:32:00,25.6,low,212892.0,7800,False,0.0
681,GCP,2024-03-05 22:14:00,118.5,high,826006.0,7100,True,123901.0
682,Azure,2024-03-05 15:50:00,235.0,high,1903674.0,7800,True,285551.0
683,Akamai,2024-03-06 10:33:00,1.7,low,7351.0,4600,False,0.0
684,Azure,2024-03-06 02:21:00,49.1,medium,419231.0,7800,False,0.0
685,GCP,2024-03-07 17:35:00,1.0,low,6887.0,7100,False,0.0
686,AWS,2024-03-08 10:57:00,7.3,low,71806.0,9200,False,0.0
687,Vercel,2024-03-09 20:10:00,125.9,medium,383920.0,2800,True,57588.0
688,Fastly,2024-03-09 03:39:00,40.5,medium,178162.0,4100,False,0.0
689,Azure,2024-03-11 20:23:00,32.4,low,230838.0,7800,False,0.0
690,Vercel,2024-03-11 02:30:00,51.4,medium,148246.0,2800,False,0.0
691,Fastly,2024-03-13 00:28:00,1.0,medium,3788.0,4100,False,0.0
692,AWS,2024-03-14 17:31:00,69.9,medium,579500.0,9200,True,86925.0
693,AWS,2024-03-14 03:21:00,93.7,medium,784764.0,9200,True,117715.0
694,Azure,2024-03-15 08:17:00,330.7,high,2794148.0,7800,True,419122.0
695,GCP,2024-03-16 20:38:00,94.9,high,728834.0,7100,True,109325.0
696,Akamai,2024-03-18 09:17:00,6.5,low,28260.0,4600,False,0.0
697,Fastly,2024-03-18 02:57:00,10.1,low,41800.0,4100,False,0.0
698,AWS,2024-03-24 07:40:00,8.8,low,88328.0,9200,False,0.0
699,GCP,2024-03-24 13:59:00,4.0,low,28381.0,7100,False,0.0
700,Fastly,2024-03-25 02:27:00,8.7,high,34911.0,4100,False,0.0
701,Azure,2024-03-26 02:00:00,38.5,medium,299294.0,7800,False,0.0
702,Vercel,2024-03-28 11:09:00,6.1,low,18071.0,2800,False,0.0
703,AWS,2024-03-28 02:13:00,3.0,low,27475.0,9200,False,0.0
704,Azure,2024-03-29 16:29:00,13.2,low,108793.0,7800,False,0.0
705,Fastly,2024-03-30 17:11:00,203.4,medium,822548.0,4100,True,123382.0
706,Akamai,2024-03-30 19:14:00,137.9,medium,602877.0,4600,True,90432.0
707,AWS,2024-04-03 21:56:00,232.5,high,2064765.0,9200,True,309715.0
708,GCP,2024-04-04 19:46:00,812.7,critical,5282964.0,7100,True,792445.0
709,Cloudflare,2024-04-09 14:06:00,28.8,low,149682.0,5200,False,0.0
710,Cloudflare,2024-04-10 04:08:00,237.8,critical,1149534.0,5200,True,172430.0
711,Azure,2024-04-11 03:53:00,52.5,high,435016.0,7800,False,0.0
712,Vercel,2024-04-11 21:11:00,1.9,low,5236.0,2800,False,0.0
713,Azure,2024-04-11 20:57:00,19.4,low,159340.0,7800,False,0.0
714,AWS,2024-04-13 04:21:00,19.4,low,194702.0,9200,False,0.0
715,Fastly,2024-04-14 06:51:00,29.0,low,127211.0,4100,False,0.0
716,GCP,2024-04-15 06:08:00,55.9,medium,432726.0,7100,False,0.0
717,Akamai,2024-04-16 04:52:00,77.9,medium,363209.0,4600,True,54481.0
718,AWS,2024-04-17 16:29:00,14.9,low,127905.0,9200,False,0.0
719,Fastly,2024-04-18 08:48:00,530.9,high,2366234.0,4100,True,354935.0
720,Fastly,2024-04-19 15:29:00,13.0,low,57228.0,4100,False,0.0
721,Azure,2024-04-19 06:51:00,6.7,high,56069.0,7800,False,0.0
722,Azure,2024-04-20 19:24:00,78.3,high,634348.0,7800,True,95152.0
723,Fastly,2024-04-21 14:02:00,292.3,high,1228371.0,4100,True,184256.0
724,Vercel,2024-04-21 06:34:00,18.2,high,46014.0,2800,False,0.0
725,Cloudflare,2024-04-22 00:15:00,1.0,low,5458.0,5200,False,0.0
726,Akamai,2024-04-24 13:44:00,15.8,low,66743.0,4600,False,0.0
727,Azure,2024-04-25 12:43:00,423.0,high,3140864.0,7800,True,471130.0
728,GCP,2024-04-25 21:24:00,84.5,medium,606128.0,7100,True,90919.0
729,Azure,2024-04-26 04:29:00,19.5,low,150632.0,7800,False,0.0
730,Azure,2024-04-27 14:46:00,1.9,medium,13385.0,7800,False,0.0
731,GCP,2024-04-28 02:41:00,10.2,high,77113.0,7100,False,0.0
732,Vercel,2024-04-29 09:59:00,10.7,low,32230.0,2800,False,0.0
733,AWS,2024-05-02 15:16:00,4.4,low,41952.0,9200,False,0.0
734,Akamai,2024-05-02 23:54:00,16.7,medium,77451.0,4600,False,0.0
735,Cloudflare,2024-05-02 02:42:00,8.7,low,49409.0,5200,False,0.0
736,AWS,2024-05-04 10:21:00,89.7,high,762515.0,9200,True,114377.0
737,Vercel,2024-05-07 11:29:00,8.0,low,23466.0,2800,False,0.0
738,Cloudflare,2024-05-09 14:20:00,52.3,high,251746.0,5200,False,0.0
739,AWS,2024-05-09 14:27:00,751.2,critical,6747725.0,9200,True,1012159.0
740,Cloudflare,2024-05-10 14:54:00,51.9,medium,274494.0,5200,False,0.0
741,Fastly,2024-05-12 05:20:00,17.3,high,74293.0,4100,False,0.0
742,Azure,2024-05-16 02:58:00,44.0,high,309135.0,7800,False,0.0
743,Cloudflare,2024-05-17 10:53:00,282.1,high,1396683.0,5200,True,209502.0
744,Fastly,2024-05-21 06:25:00,14.7,high,60730.0,4100,False,0.0
745,Azure,2024-05-21 17:23:00,699.4,critical,5491187.0,7800,True,823678.0
746,AWS,2024-05-21 00:46:00,95.4,critical,901838.0,9200,True,135276.0
747,Vercel,2024-05-21 22:17:00,4.2,medium,11299.0,2800,False,0.0
748,AWS,2024-05-23 03:24:00,94.1,medium,872737.0,9200,True,130911.0
749,Cloudflare,2024-05-25 03:55:00,7.0,low,34142.0,5200,False,0.0
750,Azure,2024-05-30 23:20:00,16.3,medium,119178.0,7800,False,0.0
751,AWS,2024-05-30 07:13:00,124.3,medium,1161071.0,9200,True,174161.0
752,AWS,2024-05-31 08:12:00,158.3,high,1510383.0,9200,True,226557.0
753,Vercel,2024-06-03 22:55:00,217.9,high,563800.0,2800,True,84570.0
754,Fastly,2024-06-05 05:49:00,7.6,medium,28809.0,4100,False,0.0
755,AWS,2024-06-05 15:49:00,5.4,high,50329.0,9200,False,0.0
756,AWS,2024-06-10 01:29:00,4.6,low,40374.0,9200,False,0.0
757,AWS,2024-06-12 16:57:00,1.2,low,10802.0,9200,False,0.0
758,Azure,2024-06-12 04:54:00,52.3,critical,399842.0,7800,False,0.0
759,GCP,2024-06-13 09:21:00,82.6,medium,548757.0,7100,True,82314.0
760,Akamai,2024-06-13 15:16:00,74.6,critical,308934.0,4600,True,46340.0
761,Azure,2024-06-13 15:20:00,47.6,medium,397504.0,7800,False,0.0
762,Azure,2024-06-13 04:23:00,28.4,medium,231045.0,7800,False,0.0
763,Vercel,2024-06-16 12:49:00,1.2,low,3488.0,2800,False,0.0
764,Vercel,2024-06-17 04:42:00,23.4,high,66129.0,2800,False,0.0
765,AWS,2024-06-17 10:42:00,13.3,low,127278.0,9200,False,0.0
766,GCP,2024-06-18 18:20:00,109.7,medium,846739.0,7100,True,127011.0
767,AWS,2024-06-19 07:52:00,9.7,low,92197.0,9200,False,0.0
768,Cloudflare,2024-06-19 03:57:00,1.0,low,4956.0,5200,False,0.0
769,AWS,2024-06-22 16:48:00,12.4,low,115690.0,9200,False,0.0
770,Vercel,2024-06-22 20:57:00,11.1,low,30721.0,2800,False,0.0
771,AWS,2024-06-23 09:13:00,2.3,medium,21399.0,9200,False,0.0
772,Cloudflare,2024-06-23 17:05:00,1.0,low,5218.0,5200,False,0.0
773,Fastly,2024-06-24 05:33:00,14.4,high,63276.0,4100,False,0.0
774,Akamai,2024-06-26 21:21:00,10.3,medium,48818.0,4600,False,0.0
775,Fastly,2024-06-30 07:03:00,22.7,high,87277.0,4100,False,0.0
776,Azure,2024-07-02 12:07:00,918.0,high,6534605.0,7800,True,980191.0
777,Azure,2024-07-04 01:50:00,182.3,high,1400430.0,7800,True,210064.0
778,Vercel,2024-07-05 04:20:00,3.1,low,7839.0,2800,False,0.0
779,Azure,2024-07-05 03:01:00,92.0,high,691522.0,7800,True,103728.0
780,Akamai,2024-07-07 02:17:00,59.7,medium,267371.0,4600,False,0.0
781,GCP,2024-07-07 17:23:00,12.0,low,83080.0,7100,False,0.0
782,Vercel,2024-07-08 15:33:00,9.4,low,28843.0,2800,False,0.0
783,Fastly,2024-07-09 14:20:00,191.6,high,754750.0,4100,True,113212.0
784,Vercel,2024-07-10 09:40:00,219.4,high,585475.0,2800,True,87821.0
785,Azure,2024-07-11 15:54:00,10.7,medium,77274.0,7800,False,0.0
786,Vercel,2024-07-12 19:40:00,4.5,low,12628.0,2800,False,0.0
787,Azure,2024-07-14 23:24:00,13.5,low,98006.0,7800,False,0.0
788,Cloudflare,2024-07-17 08:49:00,10.3,low,54806.0,5200,False,0.0
789,Cloudflare,2024-07-17 05:44:00,9.8,low,47445.0,5200,False,0.0
790,AWS,2024-07-18 10:35:00,63.6,medium,594093.0,9200,True,89114.0
791,Vercel,2024-07-18 02:30:00,56.5,medium,168523.0,2800,False,0.0
792,AWS,2024-07-20 18:36:00,17.6,low,147105.0,9200,False,0.0
793,GCP,2024-07-21 22:12:00,31.8,low,222156.0,7100,False,0.0
794,AWS,2024-07-23 16:48:00,69.8,medium,637157.0,9200,True,95574.0
795,GCP,2024-07-23 09:44:00,23.2,medium,174309.0,7100,False,0.0
796,GCP,2024-07-25 17:18:00,79.0,medium,557301.0,7100,True,83595.0
797,Azure,2024-07-25 02:36:00,14.3,low,113047.0,7800,False,0.0
798,AWS,2024-07-27 20:39:00,6.6,low,64256.0,9200,False,0.0
799,AWS,2024-07-27 17:15:00,141.1,high,1313635.0,9200,True,197045.0
800,Cloudflare,2024-07-27 16:55:00,161.1,critical,813979.0,5200,True,122097.0
801,Cloudflare,2024-07-27 15:40:00,124.6,high,594252.0,5200,True,89138.0
802,GCP,2024-07-27 02:12:00,68.7,medium,510199.0,7100,True,76530.0
803,Vercel,2024-07-28 05:53:00,48.7,high,146482.0,2800,False,0.0
804,Vercel,2024-07-31 10:01:00,18.7,medium,57283.0,2800,False,0.0
805,Vercel,2024-08-01 15:58:00,13.6,medium,41329.0,2800,False,0.0
806,AWS,2024-08-03 15:22:00,1.0,low,9747.0,9200,False,0.0
807,AWS,2024-08-05 19:43:00,46.5,high,440075.0,9200,False,0.0
808,GCP,2024-08-05 21:42:00,24.1,medium,180742.0,7100,False,0.0
809,Vercel,2024-08-08 03:43:00,5.5,medium,15191.0,2800,False,0.0
810,Cloudflare,2024-08-08 20:16:00,29.1,medium,154188.0,5200,False,0.0
811,Vercel,2024-08-09 19:17:00,1.0,low,2715.0,2800,False,0.0
812,GCP,2024-08-09 07:12:00,117.5,medium,805336.0,7100,True,120800.0
813,Azure,2024-08-14 03:17:00,120.2,critical,985693.0,7800,True,147854.0
814,GCP,2024-08-14 14:51:00,5.9,low,41504.0,7100,False,0.0
815,AWS,2024-08-16 03:42:00,223.5,critical,1937829.0,9200,True,290674.0
816,GCP,2024-08-19 23:11:00,25.9,low,172928.0,7100,False,0.0
817,GCP,2024-08-19 04:15:00,85.4,high,649896.0,7100,True,97484.0
818,Cloudflare,2024-08-21 09:44:00,6.4,low,34463.0,5200,False,0.0
819,Azure,2024-08-23 19:46:00,1.2,low,9446.0,7800,False,0.0
820,Azure,2024-08-23 10:28:00,746.9,critical,5710397.0,7800,True,856560.0
821,Fastly,2024-08-27 23:09:00,111.2,critical,449612.0,4100,True,67442.0
822,Vercel,2024-08-29 21:30:00,27.7,high,70695.0,2800,False,0.0
823,Akamai,2024-09-01 02:54:00,1.0,low,4559.0,4600,False,0.0
824,Azure,2024-09-01 01:06:00,30.6,low,252784.0,7800,False,0.0
825,Cloudflare,2024-09-03 09:31:00,83.8,medium,425998.0,5200,True,63900.0
826,Cloudflare,2024-09-06 13:49:00,3.8,low,19300.0,5200,False,0.0
827,Cloudflare,2024-09-07 02:25:00,6.2,low,29117.0,5200,False,0.0
828,Vercel,2024-09-08 14:34:00,28.2,medium,78294.0,2800,False,0.0
829,GCP,2024-09-10 17:28:00,75.2,medium,483234.0,7100,True,72485.0
830,Vercel,2024-09-10 14:41:00,352.7,high,1001455.0,2800,True,150218.0
831,Azure,2024-09-14 23:57:00,14.7,low,114816.0,7800,False,0.0
832,Fastly,2024-09-15 02:24:00,412.5,high,1806258.0,4100,True,270939.0
833,Cloudflare,2024-09-15 19:03:00,35.6,low,188148.0,5200,False,0.0
834,Azure,2024-09-17 03:22:00,29.5,medium,221974.0,7800,False,0.0
835,Cloudflare,2024-09-18 21:56:00,1.8,low,9390.0,5200,False,0.0
836,GCP,2024-09-19 18:15:00,337.5,high,2491959.0,7100,True,373794.0
837,Fastly,2024-09-19 16:00:00,19.8,low,74588.0,4100,False,0.0
838,Cloudflare,2024-09-20 10:01:00,63.5,medium,338196.0,5200,True,50729.0
839,Azure,2024-09-21 04:15:00,86.9,medium,734300.0,7800,True,110145.0
840,AWS,2024-09-21 21:35:00,18.1,low,159830.0,9200,False,0.0
841,AWS,2024-09-22 13:28:00,18.7,medium,176397.0,9200,False,0.0
842,GCP,2024-09-23 02:58:00,131.6,critical,994407.0,7100,True,149161.0
843,Fastly,2024-09-23 15:34:00,82.6,high,339460.0,4100,True,50919.0
844,Cloudflare,2024-09-26 02:53:00,13.9,low,75431.0,5200,False,0.0
845,GCP,2024-09-27 14:05:00,75.0,critical,512373.0,7100,True,76856.0
846,AWS,2024-09-27 23:55:00,252.1,critical,2229357.0,9200,True,334404.0
847,AWS,2024-09-28 02:25:00,4.6,low,43738.0,9200,False,0.0
848,AWS,2024-10-01 02:09:00,16.2,medium,155163.0,9200,False,0.0
849,AWS,2024-10-03 00:59:00,77.7,high,777318.0,9200,True,116598.0
850,Fastly,2024-10-05 03:44:00,73.2,high,283604.0,4100,True,42541.0
851,Azure,2024-10-05 04:06:00,151.7,high,1175739.0,7800,True,176361.0
852,AWS,2024-10-05 14:01:00,22.3,medium,194923.0,9200,False,0.0
853,Azure,2024-10-07 17:29:00,11.7,low,83596.0,7800,False,0.0
854,Azure,2024-10-08 10:58:00,3.8,high,29066.0,7800,False,0.0
855,Cloudflare,2024-10-09 05:13:00,7.9,medium,40045.0,5200,False,0.0
856,Azure,2024-10-10 00:44:00,1.0,low,7442.0,7800,False,0.0
857,GCP,2024-10-10 02:20:00,401.7,critical,2736273.0,7100,True,410441.0
858,Cloudflare,2024-10-11 00:40:00,7.8,low,39428.0,5200,False,0.0
859,Azure,2024-10-11 10:41:00,347.3,critical,2973786.0,7800,True,446068.0
860,Fastly,2024-10-13 19:26:00,2.4,low,10397.0,4100,False,0.0
861,AWS,2024-10-16 19:38:00,2.3,low,19346.0,9200,False,0.0
862,GCP,2024-10-19 10:49:00,47.2,medium,360081.0,7100,False,0.0
863,AWS,2024-10-21 19:33:00,97.5,medium,920915.0,9200,True,138137.0
864,Vercel,2024-10-21 20:28:00,2.1,low,6339.0,2800,False,0.0
865,Cloudflare,2024-10-25 19:06:00,2.0,low,10071.0,5200,False,0.0
866,Azure,2024-10-25 03:34:00,5.0,low,38723.0,7800,False,0.0
867,Azure,2024-10-26 23:12:00,5.2,medium,43774.0,7800,False,0.0
868,Vercel,2024-10-28 13:58:00,19.8,low,52918.0,2800,False,0.0
869,GCP,2024-10-28 03:06:00,3.8,medium,29222.0,7100,False,0.0
870,Vercel,2024-10-30 22:59:00,2.2,low,6565.0,2800,False,0.0
871,Fastly,2024-10-31 16:39:00,51.1,low,229646.0,4100,False,0.0
872,Fastly,2024-11-03 04:02:00,15.6,low,61712.0,4100,False,0.0
873,Azure,2024-11-04 04:13:00,21.2,high,156621.0,7800,False,0.0
874,Fastly,2024-11-07 16:57:00,172.8,medium,684515.0,4100,True,102677.0
875,Akamai,2024-11-08 08:26:00,182.9,medium,917843.0,4600,True,137676.0
876,Fastly,2024-11-09 15:21:00,58.3,medium,231050.0,4100,False,0.0
877,AWS,2024-11-09 16:40:00,2.4,low,22368.0,9200,False,0.0
878,Fastly,2024-11-10 05:23:00,10.3,medium,41416.0,4100,False,0.0
879,Akamai,2024-11-10 15:28:00,5.4,low,24324.0,4600,False,0.0
880,Vercel,2024-11-10 03:56:00,16.8,medium,44155.0,2800,False,0.0
881,Cloudflare,2024-11-10 10:07:00,83.6,medium,437944.0,5200,True,65692.0
882,Azure,2024-11-11 03:27:00,26.2,low,218641.0,7800,False,0.0
883,Vercel,2024-11-12 07:37:00,275.8,high,702659.0,2800,True,105399.0
884,Cloudflare,2024-11-12 13:26:00,13.1,low,73423.0,5200,False,0.0
885,GCP,2024-11-13 21:04:00,2.7,low,19804.0,7100,False,0.0
886,Azure,2024-11-22 04:52:00,5.1,low,40709.0,7800,False,0.0
887,AWS,2024-11-22 17:54:00,244.6,high,2306983.0,9200,True,346047.0
888,Azure,2024-11-25 16:58:00,23.3,critical,174335.0,7800,False,0.0
889,Cloudflare,2024-11-27 03:43:00,54.8,medium,280124.0,5200,False,0.0
890,Azure,2024-11-30 23:57:00,170.6,critical,1410332.0,7800,True,211550.0
891,GCP,2024-12-05 14:59:00,17.8,medium,121486.0,7100,False,0.0
892,Azure,2024-12-07 11:44:00,19.9,low,154289.0,7800,False,0.0
893,Azure,2024-12-08 08:03:00,9.2,low,64866.0,7800,False,0.0
894,Cloudflare,2024-12-10 22:43:00,25.5,medium,138794.0,5200,False,0.0
895,Fastly,2024-12-10 08:58:00,454.8,high,1833988.0,4100,True,275098.0
896,AWS,2024-12-10 03:46:00,13.3,medium,122981.0,9200,False,0.0
897,AWS,2024-12-12 03:14:00,63.8,medium,541728.0,9200,True,81259.0
898,AWS,2024-12-13 14:11:00,4.2,low,42440.0,9200,False,0.0
899,Azure,2024-12-14 05:21:00,3.2,low,23974.0,7800,False,0.0
900,Vercel,2024-12-14 14:52:00,318.7,high,916452.0,2800,True,137468.0
901,Cloudflare,2024-12-15 15:29:00,219.1,high,1157831.0,5200,True,173675.0
902,Azure,2024-12-16 17:07:00,26.8,medium,220959.0,7800,False,0.0
903,Azure,2024-12-16 04:14:00,8.7,low,65062.0,7800,False,0.0
904,AWS,2024-12-17 03:53:00,303.3,high,2933186.0,9200,True,439978.0
905,Azure,2024-12-18 02:29:00,125.9,medium,958943.0,7800,True,143841.0
906,Azure,2024-12-19 20:30:00,9.7,low,74316.0,7800,False,0.0
907,Azure,2024-12-21 05:41:00,65.4,high,527741.0,7800,True,79161.0
908,AWS,2024-12-21 02:57:00,10.1,high,98203.0,9200,False,0.0
909,GCP,2024-12-21 09:18:00,22.8,medium,167282.0,7100,False,0.0
910,Vercel,2024-12-22 02:44:00,5.0,medium,15120.0,2800,False,0.0
911,Azure,2024-12-23 05:28:00,19.7,medium,147058.0,7800,False,0.0
912,AWS,2024-12-24 00:17:00,14.5,critical,144088.0,9200,False,0.0
913,GCP,2024-12-26 04:24:00,1.6,low,10521.0,7100,False,0.0
914,AWS,2024-12-29 09:54:00,30.3,low,287654.0,9200,False,0.0
915,Vercel,2024-12-31 18:10:00,29.8,medium,84235.0,2800,False,0.0
916,AWS,2024-12-31 21:57:00,1.2,low,11028.0,9200,False,0.0
917,Fastly,2025-01-01 06:55:00,203.6,high,803191.0,4100,True,120479.0
918,Azure,2025-01-02 10:07:00,4.3,medium,33565.0,7800,False,0.0
919,Vercel,2025-01-03 14:29:00,6.5,medium,16969.0,2800,False,0.0
920,Vercel,2025-01-03 18:16:00,97.2,medium,265047.0,2800,True,39757.0
921,Vercel,2025-01-04 10:42:00,49.5,medium,127475.0,2800,False,0.0
922,AWS,2025-01-04 17:07:00,83.8,high,782038.0,9200,True,117306.0
923,Fastly,2025-01-05 19:21:00,739.4,high,2786451.0,4100,True,417968.0
924,AWS,2025-01-06 05:03:00,9.9,low,84893.0,9200,False,0.0
925,Cloudflare,2025-01-07 22:24:00,49.3,medium,235106.0,5200,False,0.0
926,Azure,2025-01-07 03:43:00,15.3,low,116507.0,7800,False,0.0
927,GCP,2025-01-07 15:13:00,198.1,high,1502704.0,7100,True,225406.0
928,Azure,2025-01-08 04:11:00,531.9,critical,4486448.0,7800,True,672967.0
929,Azure,2025-01-09 18:05:00,4.3,low,30668.0,7800,False,0.0
930,Azure,2025-01-10 01:12:00,17.7,low,141775.0,7800,False,0.0
931,Fastly,2025-01-10 04:41:00,120.5,high,512269.0,4100,True,76840.0
932,GCP,2025-01-10 10:49:00,22.5,low,160829.0,7100,False,0.0
933,Azure,2025-01-11 08:08:00,6.1,low,49169.0,7800,False,0.0
934,GCP,2025-01-11 04:54:00,5.3,low,35626.0,7100,False,0.0
935,Cloudflare,2025-01-11 18:53:00,1.7,medium,8822.0,5200,False,0.0
936,AWS,2025-01-13 18:33:00,245.0,high,2204807.0,9200,True,330721.0
937,Cloudflare,2025-01-13 15:56:00,214.9,medium,1025781.0,5200,True,153867.0
938,GCP,2025-01-15 10:24:00,133.0,medium,968013.0,7100,True,145202.0
939,AWS,2025-01-15 05:23:00,20.0,low,183824.0,9200,False,0.0
940,Azure,2025-01-15 14:23:00,234.7,medium,1748344.0,7800,True,262252.0
941,Fastly,2025-01-19 20:10:00,50.5,medium,205960.0,4100,False,0.0
942,Cloudflare,2025-01-19 12:42:00,21.4,medium,117407.0,5200,False,0.0
943,GCP,2025-01-19 03:37:00,24.1,medium,181433.0,7100,False,0.0
944,GCP,2025-01-19 10:44:00,12.8,low,93598.0,7100,False,0.0
945,AWS,2025-01-22 05:16:00,583.9,critical,5337229.0,9200,True,800584.0
946,Azure,2025-01-25 01:42:00,50.6,medium,400659.0,7800,False,0.0
947,AWS,2025-01-25 03:25:00,66.6,medium,598629.0,9200,True,89794.0
948,Vercel,2025-01-26 11:09:00,308.6,high,799543.0,2800,True,119931.0
949,Azure,2025-01-28 02:55:00,148.5,medium,1131803.0,7800,True,169770.0
950,Azure,2025-01-28 11:32:00,6.2,low,48653.0,7800,False,0.0
951,Vercel,2025-01-30 11:03:00,17.0,medium,48541.0,2800,False,0.0
952,AWS,2025-01-30 16:22:00,72.9,medium,729137.0,9200,True,109371.0
953,Cloudflare,2025-01-30 15:34:00,8.2,medium,45005.0,5200,False,0.0
954,AWS,2025-01-31 04:59:00,19.8,low,169481.0,9200,False,0.0
955,AWS,2025-02-01 10:02:00,2.4,low,20641.0,9200,False,0.0
956,AWS,2025-02-02 16:15:00,69.9,medium,591697.0,9200,True,88755.0
957,Akamai,2025-02-05 10:36:00,15.7,high,75660.0,4600,False,0.0
958,GCP,2025-02-06 17:12:00,42.5,medium,314189.0,7100,False,0.0
959,Vercel,2025-02-10 02:35:00,50.9,high,156383.0,2800,False,0.0
960,Azure,2025-02-10 05:31:00,78.0,high,611080.0,7800,True,91662.0
961,Azure,2025-02-10 13:15:00,30.8,medium,255924.0,7800,False,0.0
962,AWS,2025-02-13 05:46:00,98.9,high,923790.0,9200,True,138568.0
963,Akamai,2025-02-13 09:03:00,118.6,medium,586377.0,4600,True,87957.0
964,Fastly,2025-02-14 07:50:00,5.1,low,21834.0,4100,False,0.0
965,AWS,2025-02-16 15:26:00,9.5,low,89898.0,9200,False,0.0
966,Azure,2025-02-17 09:38:00,1.0,low,7902.0,7800,False,0.0
967,Cloudflare,2025-02-20 01:48:00,51.6,low,280285.0,5200,False,0.0
968,Vercel,2025-02-21 05:20:00,2238.5,critical,6167081.0,2800,True,925062.0
969,AWS,2025-02-22 10:47:00,10.9,medium,92189.0,9200,False,0.0
970,AWS,2025-02-23 01:22:00,9.4,medium,78524.0,9200,False,0.0
971,Fastly,2025-02-24 16:29:00,40.1,medium,163720.0,4100,False,0.0
972,Akamai,2025-02-26 04:27:00,3.4,medium,15951.0,4600,False,0.0
973,Akamai,2025-02-26 12:19:00,1.0,low,4213.0,4600,False,0.0
974,Cloudflare,2025-02-27 02:13:00,7.1,low,35346.0,5200,False,0.0
975,Cloudflare,2025-02-27 15:20:00,32.5,medium,162985.0,5200,False,0.0
976,Fastly,2025-02-28 06:21:00,21.9,high,90918.0,4100,False,0.0
977,Azure,2025-02-28 06:57:00,4.1,low,30563.0,7800,False,0.0
978,AWS,2025-03-01 10:35:00,2.4,medium,20294.0,9200,False,0.0
979,GCP,2025-03-01 02:53:00,8.7,low,57630.0,7100,False,0.0
980,AWS,2025-03-02 04:36:00,38.2,low,328522.0,9200,False,0.0
981,GCP,2025-03-04 11:51:00,11.3,low,85729.0,7100,False,0.0
982,Akamai,2025-03-04 06:33:00,32.5,low,143051.0,4600,False,0.0
983,Cloudflare,2025-03-05 13:47:00,11.4,medium,61825.0,5200,False,0.0
984,Azure,2025-03-06 18:18:00,35.1,low,277495.0,7800,False,0.0
985,Azure,2025-03-07 16:57:00,12.8,high,109366.0,7800,False,0.0
986,GCP,2025-03-09 07:10:00,2.8,low,18977.0,7100,False,0.0
987,Azure,2025-03-09 22:15:00,8.6,medium,62497.0,7800,False,0.0
988,GCP,2025-03-10 16:44:00,7.5,medium,48479.0,7100,False,0.0
989,GCP,2025-03-10 04:12:00,249.5,critical,1679675.0,7100,True,251951.0
990,Vercel,2025-03-10 04:38:00,204.5,high,593680.0,2800,True,89052.0
991,Fastly,2025-03-12 21:56:00,187.0,critical,703103.0,4100,True,105465.0
992,GCP,2025-03-14 01:44:00,630.6,critical,4248653.0,7100,True,637298.0
993,AWS,2025-03-17 00:18:00,266.7,high,2628000.0,9200,True,394200.0
994,Cloudflare,2025-03-19 11:06:00,9.1,low,48105.0,5200,False,0.0
995,Azure,2025-03-22 21:02:00,139.7,high,995845.0,7800,True,149377.0
996,Cloudflare,2025-03-22 03:59:00,47.4,medium,224183.0,5200,False,0.0
997,AWS,2025-03-23 12:19:00,8.5,low,71336.0,9200,False,0.0
998,Akamai,2025-03-23 08:46:00,99.3,medium,497148.0,4600,True,74572.0
999,Azure,2025-03-24 03:35:00,6.1,low,50909.0,7800,False,0.0
1000,Fastly,2025-03-25 22:11:00,23.9,medium,104750.0,4100,False,0.0
1001,Azure,2025-03-25 09:05:00,3.8,low,32155.0,7800,False,0.0
1002,AWS,2025-03-29 17:56:00,7.7,medium,70914.0,9200,False,0.0
1003,Vercel,2025-03-30 15:42:00,4.5,low,11963.0,2800,False,0.0
1004,Azure,2025-03-31 14:40:00,144.0,critical,1101039.0,7800,True,165156.0
1005,Akamai,2025-04-01 02:16:00,10.3,low,49454.0,4600,False,0.0
1006,Cloudflare,2025-04-01 17:31:00,726.0,high,4059120.0,5200,True,608868.0
1007,Azure,2025-04-03 09:39:00,1.0,low,7699.0,7800,False,0.0
1008,Cloudflare,2025-04-06 11:19:00,57.3,medium,300068.0,5200,False,0.0
1009,AWS,2025-04-07 10:37:00,462.2,high,4619449.0,9200,True,692917.0
1010,AWS,2025-04-07 14:03:00,20.0,medium,169556.0,9200,False,0.0
1011,Cloudflare,2025-04-07 02:41:00,246.1,high,1372448.0,5200,True,205867.0
1012,Cloudflare,2025-04-08 15:15:00,1329.9,critical,6444270.0,5200,True,966640.0
1013,Cloudflare,2025-04-09 20:00:00,136.5,medium,707509.0,5200,True,106126.0
1014,AWS,2025-04-16 16:45:00,14.9,low,129360.0,9200,False,0.0
1015,Cloudflare,2025-04-16 01:08:00,19.5,critical,103488.0,5200,False,0.0
1016,AWS,2025-04-18 10:40:00,210.7,medium,1961148.0,9200,True,294172.0
1017,AWS,2025-04-18 10:18:00,10.4,medium,93384.0,9200,False,0.0
1018,Cloudflare,2025-04-19 08:33:00,183.4,medium,1022975.0,5200,True,153446.0
1019,GCP,2025-04-19 03:55:00,215.7,high,1580420.0,7100,True,237063.0
1020,Fastly,2025-04-21 08:13:00,9.8,low,41958.0,4100,False,0.0
1021,AWS,2025-04-21 05:16:00,16.8,low,143761.0,9200,False,0.0
1022,Azure,2025-04-24 04:12:00,157.9,high,1326003.0,7800,True,198900.0
1023,Cloudflare,2025-04-25 16:35:00,18.5,high,89794.0,5200,False,0.0
1024,Cloudflare,2025-04-28 16:16:00,1.0,low,4912.0,5200,False,0.0
1025,AWS,2025-04-30 09:56:00,61.4,medium,522859.0,9200,True,78429.0
1026,Cloudflare,2025-05-02 14:51:00,525.3,critical,2698978.0,5200,True,404847.0
1027,GCP,2025-05-04 02:45:00,1.0,low,7651.0,7100,False,0.0
1028,Vercel,2025-05-04 07:21:00,342.0,critical,910189.0,2800,True,136528.0
1029,Fastly,2025-05-05 05:45:00,21.5,medium,85924.0,4100,False,0.0
1030,AWS,2025-05-08 20:49:00,15.8,medium,155421.0,9200,False,0.0
1031,Fastly,2025-05-08 21:18:00,242.2,high,1016419.0,4100,True,152463.0
1032,AWS,2025-05-09 08:55:00,1.3,low,12562.0,9200,False,0.0
1033,AWS,2025-05-09 15:12:00,180.4,high,1564746.0,9200,True,234712.0
1034,Fastly,2025-05-13 03:04:00,9.9,low,42347.0,4100,False,0.0
1035,Vercel,2025-05-14 03:34:00,12.4,low,32829.0,2800,False,0.0
1036,GCP,2025-05-14 05:47:00,418.6,high,3261725.0,7100,True,489259.0
1037,AWS,2025-05-14 14:21:00,230.9,high,2149723.0,9200,True,322458.0
1038,Cloudflare,2025-05-15 23:54:00,55.1,medium,297731.0,5200,False,0.0
1039,Azure,2025-05-16 16:53:00,69.3,medium,499286.0,7800,True,74893.0
1040,Azure,2025-05-17 10:26:00,82.0,high,607704.0,7800,True,91156.0
1041,GCP,2025-05-18 10:22:00,14.6,low,96191.0,7100,False,0.0
1042,GCP,2025-05-19 04:14:00,5.4,medium,37498.0,7100,False,0.0
1043,AWS,2025-05-24 15:21:00,12.9,high,113556.0,9200,False,0.0
1044,Cloudflare,2025-05-25 03:55:00,33.9,medium,184492.0,5200,False,0.0
1045,Cloudflare,2025-05-25 04:12:00,142.2,medium,681573.0,5200,True,102236.0
1046,GCP,2025-05-27 07:17:00,7.8,low,58172.0,7100,False,0.0
1047,GCP,2025-05-27 09:28:00,35.4,medium,228503.0,7100,False,0.0
1048,GCP,2025-05-28 10:50:00,7.7,low,51412.0,7100,False,0.0
1049,GCP,2025-05-29 07:09:00,25.9,medium,194628.0,7100,False,0.0
1050,Azure,2025-05-29 00:00:00,26.3,low,215101.0,7800,False,0.0
1051,AWS,2025-05-29 10:34:00,22.9,low,209682.0,9200,False,0.0
1052,Cloudflare,2025-05-30 10:48:00,1.5,low,7098.0,5200,False,0.0
1053,AWS,2025-06-01 04:41:00,570.1,high,5360197.0,9200,True,804030.0
1054,Vercel,2025-06-01 04:51:00,48.9,medium,134366.0,2800,False,0.0
1055,Azure,2025-06-01 00:06:00,13.2,medium,99182.0,7800,False,0.0
1056,AWS,2025-06-03 02:40:00,14.4,low,136200.0,9200,False,0.0
1057,Azure,2025-06-06 03:54:00,13.7,low,105505.0,7800,False,0.0
1058,Akamai,2025-06-09 01:11:00,26.7,medium,112808.0,4600,False,0.0
1059,AWS,2025-06-10 01:20:00,6.8,low,67764.0,9200,False,0.0
1060,AWS,2025-06-10 08:22:00,374.7,critical,3639247.0,9200,True,545887.0
1061,Azure,2025-06-12 16:16:00,1.0,low,7108.0,7800,False,0.0
1062,Cloudflare,2025-06-12 01:30:00,125.9,critical,657962.0,5200,True,98694.0
1063,Azure,2025-06-15 08:07:00,14.7,low,105106.0,7800,False,0.0
1064,AWS,2025-06-15 04:25:00,60.8,high,597093.0,9200,True,89564.0
1065,AWS,2025-06-17 03:46:00,2163.7,critical,20355972.0,9200,True,3053396.0
1066,GCP,2025-06-17 15:48:00,36.8,medium,244164.0,7100,False,0.0
1067,Azure,2025-06-19 09:24:00,18.5,low,130469.0,7800,False,0.0
1068,Fastly,2025-06-22 19:32:00,7.1,low,26383.0,4100,False,0.0
1069,Azure,2025-06-25 10:14:00,10.7,low,83583.0,7800,False,0.0
1070,Vercel,2025-06-27 15:47:00,23.4,medium,68591.0,2800,False,0.0
1071,Fastly,2025-06-29 11:17:00,163.7,medium,620274.0,4100,True,93041.0
1072,GCP,2025-06-30 03:43:00,28.0,medium,187718.0,7100,False,0.0
1073,Cloudflare,2025-06-30 16:19:00,25.6,critical,128521.0,5200,False,0.0
1074,AWS,2025-07-02 11:38:00,50.5,medium,438404.0,9200,False,0.0
1075,Vercel,2025-07-02 04:58:00,12.3,low,33692.0,2800,False,0.0
1076,Azure,2025-07-03 02:15:00,332.1,critical,2621265.0,7800,True,393190.0
1077,GCP,2025-07-09 15:22:00,25.5,low,187747.0,7100,False,0.0
1078,Azure,2025-07-09 10:12:00,1.1,medium,9376.0,7800,False,0.0
1079,Vercel,2025-07-10 12:46:00,195.1,high,593352.0,2800,True,89003.0
1080,GCP,2025-07-10 04:50:00,6.4,low,46077.0,7100,False,0.0
1081,Fastly,2025-07-11 04:41:00,19.1,low,81977.0,4100,False,0.0
1082,Azure,2025-07-11 01:50:00,9.1,low,77381.0,7800,False,0.0
1083,Cloudflare,2025-07-11 04:24:00,21.8,medium,103916.0,5200,False,0.0
1084,GCP,2025-07-14 03:27:00,62.5,medium,399875.0,7100,True,59981.0
1085,GCP,2025-07-14 20:20:00,10.2,low,65610.0,7100,False,0.0
1086,AWS,2025-07-15 09:37:00,11.7,high,109004.0,9200,False,0.0
1087,Akamai,2025-07-17 04:44:00,43.1,medium,208682.0,4600,False,0.0
1088,GCP,2025-07-17 19:27:00,22.4,medium,154812.0,7100,False,0.0
1089,Akamai,2025-07-18 11:12:00,303.4,critical,1408268.0,4600,True,211240.0
1090,Azure,2025-07-19 14:43:00,20.8,low,162771.0,7800,False,0.0
1091,Cloudflare,2025-07-20 03:52:00,275.9,high,1318405.0,5200,True,197761.0
1092,Vercel,2025-07-21 11:51:00,3.2,medium,8640.0,2800,False,0.0
1093,Azure,2025-07-24 08:30:00,234.5,high,1653300.0,7800,True,247995.0
1094,Azure,2025-07-25 21:35:00,919.7,critical,6615127.0,7800,True,992269.0
1095,AWS,2025-07-25 04:21:00,12.8,medium,125105.0,9200,False,0.0
1096,Vercel,2025-07-27 21:30:00,52.5,high,156685.0,2800,False,0.0
1097,AWS,2025-07-27 20:18:00,226.2,medium,2206712.0,9200,True,331007.0
1098,GCP,2025-07-27 21:51:00,17.7,medium,131371.0,7100,False,0.0
1099,GCP,2025-07-29 08:06:00,3.4,low,25556.0,7100,False,0.0
1100,Cloudflare,2025-07-29 03:39:00,353.6,high,1901598.0,5200,True,285240.0
1101,AWS,2025-07-29 02:48:00,19.4,medium,184542.0,9200,False,0.0
1102,AWS,2025-07-30 03:47:00,281.9,high,2680290.0,9200,True,402044.0
1103,AWS,2025-07-30 03:06:00,5.5,low,50742.0,9200,False,0.0
1104,Cloudflare,2025-07-31 16:49:00,611.0,high,3090365.0,5200,True,463555.0
1105,Cloudflare,2025-07-31 10:09:00,22.9,low,124562.0,5200,False,0.0
1106,GCP,2025-07-31 13:22:00,24.9,medium,169671.0,7100,False,0.0
1107,AWS,2025-07-31 16:41:00,14.0,high,129905.0,9200,False,0.0
1108,Azure,2025-08-02 04:51:00,9.2,medium,70804.0,7800,False,0.0
1109,AWS,2025-08-02 15:44:00,3.6,low,31640.0,9200,False,0.0
1110,GCP,2025-08-03 15:36:00,26.4,low,205235.0,7100,False,0.0
1111,GCP,2025-08-04 06:21:00,3.0,low,20272.0,7100,False,0.0
1112,GCP,2025-08-04 15:00:00,5.0,low,34146.0,7100,False,0.0
1113,Vercel,2025-08-04 22:38:00,3.6,medium,9398.0,2800,False,0.0
1114,Azure,2025-08-05 04:36:00,146.4,high,1215684.0,7800,True,182353.0
1115,GCP,2025-08-05 22:57:00,181.0,high,1307355.0,7100,True,196103.0
1116,GCP,2025-08-05 02:02:00,270.7,critical,1965422.0,7100,True,294813.0
1117,GCP,2025-08-07 09:57:00,43.9,medium,331673.0,7100,False,0.0
1118,AWS,2025-08-08 06:04:00,7.2,low,64159.0,9200,False,0.0
1119,Vercel,2025-08-09 22:16:00,13.4,low,35221.0,2800,False,0.0
1120,Cloudflare,2025-08-11 09:17:00,48.4,medium,236499.0,5200,False,0.0
1121,Vercel,2025-08-12 22:44:00,1.0,low,2930.0,2800,False,0.0
1122,AWS,2025-08-12 17:57:00,16.4,high,154324.0,9200,False,0.0
1123,AWS,2025-08-13 02:56:00,187.4,high,1622821.0,9200,True,243423.0
1124,Azure,2025-08-13 08:36:00,2.4,low,17391.0,7800,False,0.0
1125,Cloudflare,2025-08-14 02:59:00,17.7,medium,85058.0,5200,False,0.0
1126,Azure,2025-08-14 21:32:00,113.5,medium,907928.0,7800,True,136189.0
1127,Azure,2025-08-19 01:05:00,1.0,low,7020.0,7800,False,0.0
1128,Azure,2025-08-19 15:49:00,28.4,low,200180.0,7800,False,0.0
1129,Akamai,2025-08-22 03:41:00,105.4,medium,474130.0,4600,True,71120.0
1130,Fastly,2025-08-23 03:49:00,58.9,medium,250732.0,4100,False,0.0
1131,AWS,2025-08-26 00:57:00,453.7,critical,4336860.0,9200,True,650529.0
1132,GCP,2025-08-26 07:30:00,1.0,low,7001.0,7100,False,0.0
1133,AWS,2025-08-27 03:56:00,75.7,high,723054.0,9200,True,108458.0
1134,GCP,2025-08-28 13:30:00,8.3,medium,59179.0,7100,False,0.0
1135,Azure,2025-08-30 07:38:00,438.3,high,3744841.0,7800,True,561726.0
1136,AWS,2025-08-31 02:02:00,46.0,medium,394631.0,9200,False,0.0
1137,GCP,2025-09-01 00:25:00,272.6,high,1974427.0,7100,True,296164.0
1138,AWS,2025-09-05 20:55:00,210.2,critical,1930451.0,9200,True,289568.0
1139,AWS,2025-09-05 02:32:00,24.1,high,208171.0,9200,False,0.0
1140,Azure,2025-09-05 04:27:00,285.1,high,2334965.0,7800,True,350245.0
1141,Azure,2025-09-05 11:20:00,156.2,critical,1163658.0,7800,True,174549.0
1142,Cloudflare,2025-09-05 02:34:00,5.8,low,29446.0,5200,False,0.0
1143,Vercel,2025-09-05 16:48:00,538.1,critical,1468962.0,2800,True,220344.0
1144,GCP,2025-09-05 02:03:00,25.0,low,168419.0,7100,False,0.0
1145,Cloudflare,2025-09-05 20:47:00,12.9,medium,66150.0,5200,False,0.0
1146,Vercel,2025-09-06 21:44:00,75.4,medium,209995.0,2800,True,31499.0
1147,Cloudflare,2025-09-08 07:57:00,29.1,medium,158711.0,5200,False,0.0
1148,Azure,2025-09-09 04:25:00,234.7,medium,1927710.0,7800,True,289156.0
1149,AWS,2025-09-10 03:40:00,23.8,low,204007.0,9200,False,0.0
1150,Azure,2025-09-11 03:14:00,13.0,low,103281.0,7800,False,0.0
1151,Vercel,2025-09-12 11:16:00,8.0,low,24175.0,2800,False,0.0
1152,Cloudflare,2025-09-15 11:30:00,3.8,low,18214.0,5200,False,0.0
1153,GCP,2025-09-15 05:18:00,13.2,low,93212.0,7100,False,0.0
1154,AWS,2025-09-17 03:46:00,67.3,high,650162.0,9200,True,97524.0
1155,Cloudflare,2025-09-18 20:30:00,16.3,medium,86650.0,5200,False,0.0
1156,Cloudflare,2025-09-18 18:26:00,1.0,low,4785.0,5200,False,0.0
1157,Vercel,2025-09-21 08:57:00,486.3,high,1333483.0,2800,True,200022.0
1158,Vercel,2025-09-22 01:36:00,114.9,medium,322186.0,2800,True,48328.0
1159,AWS,2025-09-23 03:37:00,23.8,medium,240674.0,9200,False,0.0
1160,Azure,2025-09-26 00:31:00,86.8,high,633521.0,7800,True,95028.0
1161,Cloudflare,2025-09-29 14:13:00,117.3,medium,668812.0,5200,True,100322.0
1162,Azure,2025-09-29 13:34:00,12.2,high,92803.0,7800,False,0.0
1163,AWS,2025-09-29 13:49:00,67.5,medium,583780.0,9200,True,87567.0
1164,AWS,2025-09-29 09:48:00,6.3,low,56964.0,9200,False,0.0
1165,AWS,2025-09-29 22:07:00,218.1,critical,2052267.0,9200,True,307840.0
1166,Cloudflare,2025-09-30 14:39:00,47.6,medium,233337.0,5200,False,0.0
1167,GCP,2025-09-30 18:45:00,51.6,high,351078.0,7100,False,0.0
1168,Azure,2025-09-30 19:26:00,646.8,critical,5402780.0,7800,True,810417.0
1169,GCP,2025-10-02 13:36:00,1.0,medium,7809.0,7100,False,0.0
1170,Vercel,2025-10-06 04:57:00,95.2,high,256866.0,2800,True,38530.0
1171,Azure,2025-10-11 05:25:00,10.3,low,74698.0,7800,False,0.0
1172,GCP,2025-10-12 09:51:00,82.2,high,617840.0,7100,True,92676.0
1173,Azure,2025-10-13 01:35:00,217.5,medium,1730585.0,7800,True,259588.0
1174,Cloudflare,2025-10-15 04:14:00,53.3,high,255009.0,5200,False,0.0
1175,Fastly,2025-10-16 18:36:00,36.9,medium,164808.0,4100,False,0.0
1176,Azure,2025-10-16 02:16:00,13.8,low,98556.0,7800,False,0.0
1177,Cloudflare,2025-10-16 22:51:00,4.6,medium,24520.0,5200,False,0.0
1178,GCP,2025-10-17 17:44:00,93.6,medium,654450.0,7100,True,98168.0
1179,GCP,2025-10-17 09:23:00,384.8,high,2763020.0,7100,True,414453.0
1180,AWS,2025-10-17 23:03:00,3.1,low,26884.0,9200,False,0.0
1181,Cloudflare,2025-10-18 14:16:00,16.7,medium,90107.0,5200,False,0.0
1182,Vercel,2025-10-19 03:55:00,71.2,medium,217690.0,2800,True,32654.0
1183,GCP,2025-10-20 03:34:00,15.8,medium,111247.0,7100,False,0.0
1184,Azure,2025-10-22 11:11:00,228.7,critical,1792051.0,7800,True,268808.0
1185,Fastly,2025-10-23 05:53:00,1.4,low,5441.0,4100,False,0.0
1186,AWS,2025-10-26 06:28:00,168.0,high,1666734.0,9200,True,250010.0
1187,Cloudflare,2025-10-27 17:49:00,77.7,medium,442115.0,5200,True,66317.0
1188,AWS,2025-10-29 05:50:00,402.4,high,3914059.0,9200,True,587109.0
1189,GCP,2025-10-29 02:11:00,30.3,medium,216970.0,7100,False,0.0
1190,AWS,2025-10-30 17:13:00,126.4,high,1269120.0,9200,True,190368.0
1191,Azure,2025-10-31 02:30:00,90.9,medium,659935.0,7800,True,98990.0
1192,Fastly,2025-11-02 10:16:00,4.1,low,16738.0,4100,False,0.0
1193,GCP,2025-11-02 10:57:00,27.0,low,193142.0,7100,False,0.0
1194,AWS,2025-11-04 15:28:00,131.6,critical,1208763.0,9200,True,181314.0
1195,AWS,2025-11-05 04:52:00,99.6,medium,971742.0,9200,True,145761.0
1196,Cloudflare,2025-11-09 02:29:00,128.6,medium,691510.0,5200,True,103726.0
1197,Fastly,2025-11-09 07:31:00,9.6,low,36421.0,4100,False,0.0
1198,AWS,2025-11-11 10:35:00,48.2,medium,429822.0,9200,False,0.0
1199,Azure,2025-11-12 14:44:00,22.3,high,168342.0,7800,False,0.0
1200,GCP,2025-11-13 04:56:00,10.4,low,74809.0,7100,False,0.0
