company,date,predicted_outages,predicted_dur_min,risk_score,confidence
AWS,2024-06-01,11.41,104.5,60.8,0.93
AWS,2024-06-02,11.49,80.4,79.6,0.83
AWS,2024-06-03,11.44,91.7,76.6,0.74
AWS,2024-06-04,11.4,98.3,64.7,0.84
AWS,2024-06-05,11.48,74.1,72.0,0.83
AWS,2024-06-06,11.37,96.1,67.5,0.94
AWS,2024-06-07,11.45,92.6,61.5,0.74
AWS,2024-06-08,11.44,76.7,65.8,0.8
AWS,2024-06-09,11.45,63.9,82.7,0.92
AWS,2024-06-10,11.32,74.9,48.0,0.78
AWS,2024-06-11,11.49,98.5,61.2,0.9
AWS,2024-06-12,11.43,103.3,82.2,0.78
AWS,2024-06-13,11.32,111.6,70.5,0.76
AWS,2024-06-14,11.42,106.4,60.4,0.83
AWS,2024-06-15,11.47,110.5,68.3,0.93
AWS,2024-06-16,11.53,69.2,70.7,0.8
AWS,2024-06-17,11.51,94.0,45.8,0.84
AWS,2024-06-18,11.48,84.5,62.4,0.79
AWS,2024-06-19,11.41,104.3,66.1,0.88
AWS,2024-06-20,11.46,105.7,70.7,0.75
AWS,2024-06-21,11.51,96.5,81.8,0.71
AWS,2024-06-22,11.36,79.5,60.8,0.81
AWS,2024-06-23,11.5,54.5,80.9,0.94
AWS,2024-06-24,11.59,95.9,55.3,0.85
AWS,2024-06-25,11.49,95.3,65.0,0.88
AWS,2024-06-26,11.38,74.6,68.5,0.71
AWS,2024-06-27,11.49,107.7,62.2,0.72
AWS,2024-06-28,11.44,86.2,72.0,0.73
AWS,2024-06-29,11.54,109.2,57.3,0.73
AWS,2024-06-30,11.47,94.6,64.3,0.84
AWS,2024-07-01,11.56,82.6,69.5,0.76
AWS,2024-07-02,11.5,92.8,65.8,0.85
AWS,2024-07-03,11.5,83.2,60.2,0.78
AWS,2024-07-04,11.45,77.9,55.0,0.84
AWS,2024-07-05,11.51,120.8,71.9,0.76
AWS,2024-07-06,11.53,83.8,48.5,0.92
AWS,2024-07-07,11.49,87.7,57.2,0.77
AWS,2024-07-08,11.32,77.5,52.8,0.89
AWS,2024-07-09,11.57,121.8,56.2,0.84
AWS,2024-07-10,11.3,93.5,63.8,0.75
AWS,2024-07-11,11.44,76.3,66.9,0.93
AWS,2024-07-12,11.49,101.1,45.6,0.74
AWS,2024-07-13,11.57,69.5,55.3,0.84
AWS,2024-07-14,11.41,86.0,52.5,0.74
AWS,2024-07-15,11.52,87.1,57.1,0.83
AWS,2024-07-16,11.4,64.4,66.6,0.92
AWS,2024-07-17,11.53,79.0,53.4,0.75
AWS,2024-07-18,11.35,82.1,73.2,0.79
AWS,2024-07-19,11.48,67.1,60.7,0.76
AWS,2024-07-20,11.51,93.8,61.6,0.89
AWS,2024-07-21,11.45,109.1,59.8,0.89
AWS,2024-07-22,11.44,60.5,74.8,0.91
AWS,2024-07-23,11.45,89.7,60.6,0.88
AWS,2024-07-24,11.39,94.8,50.9,0.86
AWS,2024-07-25,11.49,97.0,66.3,0.93
AWS,2024-07-26,11.39,90.7,41.7,0.74
AWS,2024-07-27,11.44,107.6,74.4,0.71
AWS,2024-07-28,11.31,75.2,73.4,0.87
AWS,2024-07-29,11.55,86.9,59.1,0.82
AWS,2024-07-30,11.33,88.4,68.0,0.87
AWS,2024-07-31,11.52,84.4,95.0,0.87
AWS,2024-08-01,11.37,63.8,58.5,0.72
AWS,2024-08-02,11.45,64.7,54.9,0.86
AWS,2024-08-03,11.48,106.3,53.9,0.89
AWS,2024-08-04,11.48,92.9,50.1,0.93
AWS,2024-08-05,11.57,80.8,65.6,0.84
AWS,2024-08-06,11.54,103.5,69.1,0.77
AWS,2024-08-07,11.51,69.6,79.9,0.84
AWS,2024-08-08,11.53,82.6,45.5,0.81
AWS,2024-08-09,11.44,89.9,65.7,0.81
AWS,2024-08-10,11.38,108.2,50.1,0.72
AWS,2024-08-11,11.43,80.3,69.1,0.79
AWS,2024-08-12,11.39,90.5,66.2,0.76
AWS,2024-08-13,11.3,93.7,49.5,0.86
AWS,2024-08-14,11.5,80.2,60.1,0.82
AWS,2024-08-15,11.48,81.5,58.3,0.94
AWS,2024-08-16,11.52,83.4,74.8,0.92
AWS,2024-08-17,11.43,65.4,69.6,0.76
AWS,2024-08-18,11.53,74.5,59.8,0.88
AWS,2024-08-19,11.48,69.5,61.2,0.86
AWS,2024-08-20,11.4,92.5,49.8,0.83
AWS,2024-08-21,11.46,74.6,47.7,0.81
AWS,2024-08-22,11.39,91.2,67.5,0.78
AWS,2024-08-23,11.32,93.1,64.1,0.92
AWS,2024-08-24,11.35,81.6,60.7,0.76
AWS,2024-08-25,11.39,98.9,54.7,0.84
AWS,2024-08-26,11.46,94.4,67.0,0.73
AWS,2024-08-27,11.46,86.4,75.6,0.93
AWS,2024-08-28,11.37,71.4,67.4,0.81
AWS,2024-08-29,11.34,99.1,70.4,0.88
Azure,2024-06-01,10.55,86.6,57.9,0.94
Azure,2024-06-02,10.67,108.3,66.3,0.72
Azure,2024-06-03,10.6,108.3,64.1,0.78
Azure,2024-06-04,10.51,105.5,80.7,0.87
Azure,2024-06-05,10.52,105.4,66.0,0.74
Azure,2024-06-06,10.46,91.6,57.7,0.74
Azure,2024-06-07,10.63,87.8,69.9,0.72
Azure,2024-06-08,10.51,89.2,51.3,0.81
Azure,2024-06-09,10.61,106.2,73.0,0.93
Azure,2024-06-10,10.45,74.3,48.4,0.84
Azure,2024-06-11,10.6,89.7,49.2,0.87
Azure,2024-06-12,10.64,93.6,58.4,0.75
Azure,2024-06-13,10.46,83.5,53.4,0.9
Azure,2024-06-14,10.53,99.2,43.7,0.75
Azure,2024-06-15,10.66,102.9,50.0,0.91
Azure,2024-06-16,10.53,102.9,50.5,0.9
Azure,2024-06-17,10.43,54.4,66.4,0.92
Azure,2024-06-18,10.5,104.2,74.4,0.7
Azure,2024-06-19,10.64,114.1,79.4,0.84
Azure,2024-06-20,10.56,100.1,57.6,0.9
Azure,2024-06-21,10.58,89.4,56.9,0.83
Azure,2024-06-22,10.58,95.4,55.5,0.82
Azure,2024-06-23,10.61,97.6,58.3,0.86
Azure,2024-06-24,10.6,112.5,53.8,0.8
Azure,2024-06-25,10.6,97.9,62.5,0.89
Azure,2024-06-26,10.68,80.3,75.6,0.8
Azure,2024-06-27,10.6,85.7,46.6,0.84
Azure,2024-06-28,10.69,103.3,72.0,0.92
Azure,2024-06-29,10.58,110.2,60.2,0.87
Azure,2024-06-30,10.59,118.7,62.5,0.88
Azure,2024-07-01,10.39,106.9,59.2,0.77
Azure,2024-07-02,10.47,114.3,53.6,0.89
Azure,2024-07-03,10.51,101.0,57.4,0.75
Azure,2024-07-04,10.69,99.5,58.9,0.81
Azure,2024-07-05,10.5,63.7,49.0,0.89
Azure,2024-07-06,10.54,81.6,76.6,0.75
Azure,2024-07-07,10.59,89.2,75.0,0.9
Azure,2024-07-08,10.65,66.8,61.2,0.85
Azure,2024-07-09,10.56,115.1,58.0,0.77
Azure,2024-07-10,10.75,93.1,57.9,0.72
Azure,2024-07-11,10.47,74.8,73.2,0.81
Azure,2024-07-12,10.49,88.2,60.5,0.83
Azure,2024-07-13,10.42,71.2,46.6,0.92
Azure,2024-07-14,10.54,96.6,48.4,0.9
Azure,2024-07-15,10.56,88.6,72.2,0.77
Azure,2024-07-16,10.52,67.7,61.5,0.94
Azure,2024-07-17,10.7,103.4,54.9,0.71
Azure,2024-07-18,10.57,85.2,75.2,0.9
Azure,2024-07-19,10.56,92.5,65.9,0.71
Azure,2024-07-20,10.41,122.3,69.1,0.87
Azure,2024-07-21,10.56,76.6,66.3,0.91
Azure,2024-07-22,10.49,85.9,57.1,0.75
Azure,2024-07-23,10.46,94.5,61.9,0.88
Azure,2024-07-24,10.58,85.9,60.0,0.95
Azure,2024-07-25,10.46,96.5,59.4,0.8
Azure,2024-07-26,10.52,81.3,47.4,0.71
Azure,2024-07-27,10.56,97.1,67.4,0.73
Azure,2024-07-28,10.59,87.3,53.7,0.88
Azure,2024-07-29,10.58,117.1,64.6,0.71
Azure,2024-07-30,10.65,65.3,76.2,0.88
Azure,2024-07-31,10.53,80.7,41.7,0.93
Azure,2024-08-01,10.48,81.0,77.0,0.85
Azure,2024-08-02,10.62,107.4,48.6,0.72
Azure,2024-08-03,10.68,96.5,70.0,0.81
Azure,2024-08-04,10.45,96.7,44.4,0.85
Azure,2024-08-05,10.49,89.5,56.4,0.86
Azure,2024-08-06,10.46,99.7,63.4,0.84
Azure,2024-08-07,10.57,75.8,53.5,0.92
Azure,2024-08-08,10.62,111.3,53.1,0.95
Azure,2024-08-09,10.55,81.6,47.9,0.73
Azure,2024-08-10,10.62,101.7,64.0,0.85
Azure,2024-08-11,10.63,61.4,76.5,0.71
Azure,2024-08-12,10.73,76.5,74.5,0.76
Azure,2024-08-13,10.61,96.6,54.6,0.81
Azure,2024-08-14,10.35,84.4,60.2,0.78
Azure,2024-08-15,10.45,91.9,82.1,0.94
Azure,2024-08-16,10.6,124.1,45.6,0.88
Azure,2024-08-17,10.68,77.0,46.3,0.91
Azure,2024-08-18,10.49,134.4,56.3,0.76
Azure,2024-08-19,10.65,88.8,62.8,0.89
Azure,2024-08-20,10.47,83.7,64.6,0.92
Azure,2024-08-21,10.55,89.3,80.8,0.71
Azure,2024-08-22,10.39,80.3,64.9,0.7
Azure,2024-08-23,10.42,46.8,49.5,0.92
Azure,2024-08-24,10.38,92.1,53.8,0.82
Azure,2024-08-25,10.54,91.7,75.5,0.79
Azure,2024-08-26,10.65,120.2,55.6,0.89
Azure,2024-08-27,10.41,87.3,66.9,0.94
Azure,2024-08-28,10.6,75.2,61.5,0.76
Azure,2024-08-29,10.45,82.0,51.2,0.93
GCP,2024-06-01,7.57,47.6,49.5,0.75
GCP,2024-06-02,7.69,108.4,61.3,0.72
GCP,2024-06-03,7.68,75.7,60.7,0.73
GCP,2024-06-04,7.61,84.0,42.4,0.8
GCP,2024-06-05,7.7,91.1,43.6,0.87
GCP,2024-06-06,7.78,95.6,54.7,0.79
GCP,2024-06-07,7.76,81.6,51.4,0.84
GCP,2024-06-08,7.6,98.6,64.2,0.78
GCP,2024-06-09,7.77,82.2,52.8,0.77
GCP,2024-06-10,7.59,104.4,52.6,0.71
GCP,2024-06-11,7.6,101.8,68.3,0.76
GCP,2024-06-12,7.67,74.2,45.0,0.78
GCP,2024-06-13,7.69,76.8,46.6,0.77
GCP,2024-06-14,7.6,109.5,49.0,0.9
GCP,2024-06-15,7.57,100.6,57.7,0.94
GCP,2024-06-16,7.6,91.8,63.9,0.7
GCP,2024-06-17,7.67,100.6,48.4,0.78
GCP,2024-06-18,7.65,48.9,63.5,0.77
GCP,2024-06-19,7.66,104.3,61.9,0.78
GCP,2024-06-20,7.65,89.6,51.2,0.75
GCP,2024-06-21,7.79,88.2,40.2,0.74
GCP,2024-06-22,7.61,99.3,80.8,0.87
GCP,2024-06-23,7.59,91.2,51.3,0.76
GCP,2024-06-24,7.63,90.1,52.5,0.71
GCP,2024-06-25,7.73,78.2,58.3,0.8
GCP,2024-06-26,7.71,92.3,41.7,0.75
GCP,2024-06-27,7.67,107.7,34.8,0.89
GCP,2024-06-28,7.67,69.6,44.9,0.83
GCP,2024-06-29,7.66,97.8,50.2,0.86
GCP,2024-06-30,7.88,89.7,37.5,0.75
GCP,2024-07-01,7.65,77.7,57.3,0.73
GCP,2024-07-02,7.54,88.7,74.0,0.9
GCP,2024-07-03,7.61,79.1,57.6,0.7
GCP,2024-07-04,7.66,81.5,37.0,0.87
GCP,2024-07-05,7.71,66.3,56.0,0.8
GCP,2024-07-06,7.6,89.9,71.0,0.88
GCP,2024-07-07,7.77,116.6,25.8,0.71
GCP,2024-07-08,7.68,112.3,59.5,0.75
GCP,2024-07-09,7.8,70.6,54.5,0.93
GCP,2024-07-10,7.54,84.7,50.6,0.79
GCP,2024-07-11,7.72,94.4,66.7,0.88
GCP,2024-07-12,7.66,86.1,53.3,0.75
GCP,2024-07-13,7.58,81.9,64.2,0.85
GCP,2024-07-14,7.73,83.9,57.5,0.9
GCP,2024-07-15,7.78,85.6,40.2,0.75
GCP,2024-07-16,7.69,99.2,57.6,0.72
GCP,2024-07-17,7.69,75.0,46.7,0.79
GCP,2024-07-18,7.76,88.9,30.4,0.9
GCP,2024-07-19,7.67,65.1,56.7,0.86
GCP,2024-07-20,7.64,104.4,64.4,0.71
GCP,2024-07-21,7.64,100.0,60.2,0.86
GCP,2024-07-22,7.73,64.5,68.7,0.71
GCP,2024-07-23,7.64,74.4,55.3,0.91
GCP,2024-07-24,7.65,94.7,71.6,0.87
GCP,2024-07-25,7.74,83.0,71.5,0.79
GCP,2024-07-26,7.65,80.7,53.5,0.75
GCP,2024-07-27,7.71,61.0,50.4,0.85
GCP,2024-07-28,7.67,97.0,61.6,0.95
GCP,2024-07-29,7.68,71.4,55.2,0.73
GCP,2024-07-30,7.77,113.3,70.9,0.94
GCP,2024-07-31,7.81,68.6,47.5,0.85
GCP,2024-08-01,7.69,134.3,48.2,0.83
GCP,2024-08-02,7.66,83.6,40.6,0.82
GCP,2024-08-03,7.86,60.9,45.1,0.85
GCP,2024-08-04,7.66,86.8,53.9,0.81
GCP,2024-08-05,7.64,90.2,65.4,0.9
GCP,2024-08-06,7.69,105.4,44.7,0.77
GCP,2024-08-07,7.76,57.9,58.6,0.75
GCP,2024-08-08,7.67,118.5,49.4,0.74
GCP,2024-08-09,7.63,90.1,51.1,0.92
GCP,2024-08-10,7.82,82.7,33.1,0.75
GCP,2024-08-11,7.72,82.3,37.2,0.83
GCP,2024-08-12,7.72,78.6,48.9,0.78
GCP,2024-08-13,7.75,66.8,68.2,0.81
GCP,2024-08-14,7.59,100.0,56.7,0.84
GCP,2024-08-15,7.59,95.3,34.1,0.73
GCP,2024-08-16,7.89,57.4,35.1,0.79
GCP,2024-08-17,7.56,92.1,49.7,0.79
GCP,2024-08-18,7.74,78.6,39.3,0.82
GCP,2024-08-19,7.59,84.6,43.8,0.93
GCP,2024-08-20,7.66,83.3,45.2,0.73
GCP,2024-08-21,7.65,44.0,62.5,0.73
GCP,2024-08-22,7.55,111.9,50.9,0.83
GCP,2024-08-23,7.66,74.8,43.2,0.89
GCP,2024-08-24,7.64,80.4,44.2,0.74
GCP,2024-08-25,7.61,95.6,56.3,0.84
GCP,2024-08-26,7.67,125.3,37.6,0.72
GCP,2024-08-27,7.71,94.2,52.7,0.93
GCP,2024-08-28,7.69,100.9,49.6,0.91
GCP,2024-08-29,7.63,105.8,65.2,0.88
Cloudflare,2024-06-01,7.92,99.1,69.7,0.78
Cloudflare,2024-06-02,8.02,83.7,45.1,0.73
Cloudflare,2024-06-03,7.96,108.4,50.3,0.71
Cloudflare,2024-06-04,8.01,91.1,53.6,0.81
Cloudflare,2024-06-05,8.06,89.0,60.6,0.82
Cloudflare,2024-06-06,7.91,93.0,48.9,0.86
Cloudflare,2024-06-07,7.89,66.6,59.9,0.74
Cloudflare,2024-06-08,8.02,90.0,57.7,0.76
Cloudflare,2024-06-09,7.9,79.7,46.3,0.88
Cloudflare,2024-06-10,7.88,103.6,54.6,0.73
Cloudflare,2024-06-11,8.16,91.5,64.1,0.8
Cloudflare,2024-06-12,8.09,94.2,62.7,0.85
Cloudflare,2024-06-13,8.09,73.7,65.2,0.84
Cloudflare,2024-06-14,8.09,101.9,37.3,0.79
Cloudflare,2024-06-15,8.04,92.5,68.7,0.92
Cloudflare,2024-06-16,7.98,86.6,39.5,0.94
Cloudflare,2024-06-17,7.97,87.2,58.8,0.87
Cloudflare,2024-06-18,7.93,69.4,54.5,0.81
Cloudflare,2024-06-19,7.99,98.1,63.5,0.77
Cloudflare,2024-06-20,8.0,79.5,63.1,0.77
Cloudflare,2024-06-21,8.14,80.3,57.3,0.91
Cloudflare,2024-06-22,7.96,57.6,47.3,0.71
Cloudflare,2024-06-23,8.11,97.5,48.3,0.87
Cloudflare,2024-06-24,8.07,96.8,85.6,0.89
Cloudflare,2024-06-25,7.94,92.3,46.4,0.88
Cloudflare,2024-06-26,7.91,97.5,32.8,0.94
Cloudflare,2024-06-27,8.07,71.9,59.2,0.72
Cloudflare,2024-06-28,7.96,66.2,55.9,0.87
Cloudflare,2024-06-29,7.92,62.4,52.1,0.82
Cloudflare,2024-06-30,7.85,90.8,54.9,0.86
Cloudflare,2024-07-01,8.03,93.0,61.3,0.83
Cloudflare,2024-07-02,8.1,91.9,58.2,0.88
Cloudflare,2024-07-03,7.99,104.8,50.0,0.92
Cloudflare,2024-07-04,7.97,63.7,63.0,0.83
Cloudflare,2024-07-05,8.1,103.7,62.3,0.9
Cloudflare,2024-07-06,7.99,111.1,51.9,0.71
Cloudflare,2024-07-07,8.08,98.3,53.8,0.87
Cloudflare,2024-07-08,8.07,98.6,70.1,0.81
Cloudflare,2024-07-09,8.04,99.6,62.3,0.72
Cloudflare,2024-07-10,8.05,65.8,59.3,0.81
Cloudflare,2024-07-11,8.03,99.3,65.6,0.74
Cloudflare,2024-07-12,8.0,77.0,62.6,0.89
Cloudflare,2024-07-13,8.04,95.3,52.8,0.78
Cloudflare,2024-07-14,7.97,86.6,55.2,0.81
Cloudflare,2024-07-15,7.89,98.6,53.7,0.75
Cloudflare,2024-07-16,8.16,63.7,64.3,0.93
Cloudflare,2024-07-17,7.98,102.0,58.4,0.9
Cloudflare,2024-07-18,8.06,89.6,51.9,0.89
Cloudflare,2024-07-19,8.02,99.8,54.4,0.78
Cloudflare,2024-07-20,7.9,102.2,56.0,0.75
Cloudflare,2024-07-21,7.96,76.1,37.9,0.88
Cloudflare,2024-07-22,8.14,75.9,56.5,0.81
Cloudflare,2024-07-23,8.01,102.4,47.2,0.73
Cloudflare,2024-07-24,8.16,61.4,53.4,0.86
Cloudflare,2024-07-25,7.98,88.6,32.6,0.78
Cloudflare,2024-07-26,7.89,80.1,33.5,0.86
Cloudflare,2024-07-27,7.84,107.8,44.9,0.92
Cloudflare,2024-07-28,7.96,81.6,60.7,0.81
Cloudflare,2024-07-29,7.98,123.1,51.8,0.74
Cloudflare,2024-07-30,8.0,106.1,55.0,0.8
Cloudflare,2024-07-31,8.13,80.8,66.6,0.91
Cloudflare,2024-08-01,7.99,104.4,57.6,0.93
Cloudflare,2024-08-02,7.97,104.1,55.4,0.87
Cloudflare,2024-08-03,8.23,73.0,51.6,0.92
Cloudflare,2024-08-04,7.84,91.1,64.3,0.95
Cloudflare,2024-08-05,7.97,96.2,56.5,0.73
Cloudflare,2024-08-06,7.94,70.4,48.2,0.76
Cloudflare,2024-08-07,7.95,104.0,38.6,0.87
Cloudflare,2024-08-08,8.01,101.5,58.8,0.78
Cloudflare,2024-08-09,8.07,72.4,63.7,0.93
Cloudflare,2024-08-10,7.97,86.6,57.7,0.91
Cloudflare,2024-08-11,7.95,82.7,48.7,0.93
Cloudflare,2024-08-12,7.93,80.8,65.1,0.81
Cloudflare,2024-08-13,7.82,96.3,80.3,0.82
Cloudflare,2024-08-14,8.08,72.3,63.8,0.86
Cloudflare,2024-08-15,7.99,107.9,60.3,0.85
Cloudflare,2024-08-16,8.05,98.1,41.7,0.86
Cloudflare,2024-08-17,7.98,62.4,51.8,0.91
Cloudflare,2024-08-18,8.03,106.0,33.3,0.74
Cloudflare,2024-08-19,8.06,91.1,62.4,0.94
Cloudflare,2024-08-20,7.87,74.1,74.3,0.8
Cloudflare,2024-08-21,8.01,87.0,65.8,0.89
Cloudflare,2024-08-22,7.87,81.2,65.1,0.87
Cloudflare,2024-08-23,7.91,65.1,49.1,0.8
Cloudflare,2024-08-24,8.03,73.8,57.0,0.81
Cloudflare,2024-08-25,8.1,85.6,51.8,0.74
Cloudflare,2024-08-26,7.98,85.6,51.7,0.86
Cloudflare,2024-08-27,7.99,80.7,53.0,0.91
Cloudflare,2024-08-28,8.06,94.6,55.5,0.86
Cloudflare,2024-08-29,8.06,85.4,50.7,0.8
Vercel,2024-06-01,5.35,103.6,41.6,0.75
Vercel,2024-06-02,5.07,105.2,46.7,0.83
Vercel,2024-06-03,5.29,91.0,43.2,0.79
Vercel,2024-06-04,5.34,72.4,53.8,0.87
Vercel,2024-06-05,5.28,91.8,34.7,0.91
Vercel,2024-06-06,5.28,92.2,47.2,0.78
Vercel,2024-06-07,5.34,71.3,35.4,0.83
Vercel,2024-06-08,5.35,92.0,51.6,0.78
Vercel,2024-06-09,5.36,111.3,37.7,0.94
Vercel,2024-06-10,5.27,125.4,45.2,0.86
Vercel,2024-06-11,5.16,109.0,38.7,0.88
Vercel,2024-06-12,5.27,136.1,21.6,0.81
Vercel,2024-06-13,5.29,80.3,28.2,0.75
Vercel,2024-06-14,5.26,94.3,48.9,0.75
Vercel,2024-06-15,5.24,120.0,48.0,0.73
Vercel,2024-06-16,5.31,96.4,40.8,0.87
Vercel,2024-06-17,5.34,95.1,27.7,0.71
Vercel,2024-06-18,5.33,107.8,56.6,0.94
Vercel,2024-06-19,5.26,103.6,34.9,0.86
Vercel,2024-06-20,5.33,83.1,36.6,0.73
Vercel,2024-06-21,5.44,76.2,61.9,0.87
Vercel,2024-06-22,5.19,88.1,31.6,0.8
Vercel,2024-06-23,5.39,131.7,51.8,0.95
Vercel,2024-06-24,5.34,96.4,38.7,0.94
Vercel,2024-06-25,5.26,118.3,58.9,0.77
Vercel,2024-06-26,5.17,105.0,37.7,0.73
Vercel,2024-06-27,5.48,80.9,61.0,0.78
Vercel,2024-06-28,5.31,119.2,47.0,0.75
Vercel,2024-06-29,5.28,116.5,36.7,0.93
Vercel,2024-06-30,5.19,91.5,51.9,0.93
Vercel,2024-07-01,5.32,94.3,57.2,0.92
Vercel,2024-07-02,5.08,90.6,37.5,0.74
Vercel,2024-07-03,5.33,71.1,52.5,0.87
Vercel,2024-07-04,5.29,90.1,46.6,0.8
Vercel,2024-07-05,5.29,124.4,50.1,0.82
Vercel,2024-07-06,5.33,75.2,47.9,0.94
Vercel,2024-07-07,5.43,116.6,37.3,0.93
Vercel,2024-07-08,5.36,120.9,31.9,0.73
Vercel,2024-07-09,5.34,98.8,44.4,0.83
Vercel,2024-07-10,5.37,69.7,41.4,0.88
Vercel,2024-07-11,5.19,75.2,42.0,0.94
Vercel,2024-07-12,5.31,94.8,53.7,0.76
Vercel,2024-07-13,5.33,103.1,33.9,0.76
Vercel,2024-07-14,5.41,91.6,47.0,0.73
Vercel,2024-07-15,5.4,109.9,34.3,0.77
Vercel,2024-07-16,5.27,108.6,38.0,0.82
Vercel,2024-07-17,5.33,106.1,50.4,0.75
Vercel,2024-07-18,5.33,57.9,23.2,0.92
Vercel,2024-07-19,5.32,127.3,44.0,0.77
Vercel,2024-07-20,5.25,87.5,62.2,0.83
Vercel,2024-07-21,5.3,112.5,48.1,0.87
Vercel,2024-07-22,5.3,108.9,33.2,0.8
Vercel,2024-07-23,5.35,82.3,49.1,0.85
Vercel,2024-07-24,5.24,93.0,47.5,0.88
Vercel,2024-07-25,5.35,131.2,43.0,0.75
Vercel,2024-07-26,5.29,94.3,56.5,0.75
Vercel,2024-07-27,5.16,90.9,36.3,0.76
Vercel,2024-07-28,5.23,102.1,47.5,0.78
Vercel,2024-07-29,5.16,105.7,47.6,0.8
Vercel,2024-07-30,5.25,113.8,28.8,0.77
Vercel,2024-07-31,5.22,91.9,45.7,0.75
Vercel,2024-08-01,5.34,72.5,50.9,0.72
Vercel,2024-08-02,5.37,89.6,45.4,0.8
Vercel,2024-08-03,5.21,100.3,53.6,0.8
Vercel,2024-08-04,5.28,106.0,40.2,0.71
Vercel,2024-08-05,5.2,70.9,49.8,0.77
Vercel,2024-08-06,5.21,96.1,47.2,0.93
Vercel,2024-08-07,5.31,87.8,56.8,0.76
Vercel,2024-08-08,5.19,128.7,57.6,0.85
Vercel,2024-08-09,5.3,99.8,38.9,0.76
Vercel,2024-08-10,5.27,85.7,46.4,0.76
Vercel,2024-08-11,5.23,113.6,69.9,0.93
Vercel,2024-08-12,5.35,108.0,44.1,0.91
Vercel,2024-08-13,5.31,118.5,35.3,0.76
Vercel,2024-08-14,5.48,72.2,47.9,0.71
Vercel,2024-08-15,5.15,87.3,64.5,0.81
Vercel,2024-08-16,5.26,101.7,54.1,0.87
Vercel,2024-08-17,5.27,74.0,48.1,0.8
Vercel,2024-08-18,5.3,98.1,52.1,0.92
Vercel,2024-08-19,5.19,104.9,55.1,0.76
Vercel,2024-08-20,5.32,85.1,50.4,0.92
Vercel,2024-08-21,5.39,103.7,55.7,0.79
Vercel,2024-08-22,5.26,124.5,37.0,0.83
Vercel,2024-08-23,5.1,100.4,58.0,0.74
Vercel,2024-08-24,5.35,128.5,42.6,0.82
Vercel,2024-08-25,5.41,101.3,32.0,0.84
Vercel,2024-08-26,5.2,93.3,42.6,0.93
Vercel,2024-08-27,5.32,92.1,62.1,0.84
Vercel,2024-08-28,5.36,95.8,34.1,0.71
Vercel,2024-08-29,5.29,105.9,54.2,0.86
Fastly,2024-06-01,4.19,82.2,48.3,0.93
Fastly,2024-06-02,4.13,85.0,43.5,0.78
Fastly,2024-06-03,4.23,101.6,29.3,0.8
Fastly,2024-06-04,4.16,112.9,54.2,0.87
Fastly,2024-06-05,4.15,115.4,45.4,0.7
Fastly,2024-06-06,4.08,84.8,48.3,0.72
Fastly,2024-06-07,4.33,95.2,38.5,0.86
Fastly,2024-06-08,4.29,100.1,36.0,0.89
Fastly,2024-06-09,4.25,94.9,41.0,0.85
Fastly,2024-06-10,4.1,90.9,47.9,0.89
Fastly,2024-06-11,4.16,78.8,61.8,0.83
Fastly,2024-06-12,4.05,91.3,44.8,0.79
Fastly,2024-06-13,4.11,115.0,33.3,0.82
Fastly,2024-06-14,4.18,101.5,32.0,0.81
Fastly,2024-06-15,4.32,89.4,55.4,0.86
Fastly,2024-06-16,4.15,98.7,31.2,0.93
Fastly,2024-06-17,4.2,101.4,38.2,0.73
Fastly,2024-06-18,4.04,82.0,68.8,0.81
Fastly,2024-06-19,4.16,73.8,34.8,0.93
Fastly,2024-06-20,4.15,95.6,53.0,0.73
Fastly,2024-06-21,4.09,85.3,37.2,0.81
Fastly,2024-06-22,4.15,89.6,30.4,0.86
Fastly,2024-06-23,4.25,113.6,51.2,0.94
Fastly,2024-06-24,4.17,80.1,56.5,0.87
Fastly,2024-06-25,4.03,83.4,33.8,0.71
Fastly,2024-06-26,4.22,90.7,40.9,0.72
Fastly,2024-06-27,4.3,119.9,53.7,0.82
Fastly,2024-06-28,4.11,77.5,23.2,0.81
Fastly,2024-06-29,4.26,87.1,33.6,0.82
Fastly,2024-06-30,4.14,119.8,35.8,0.92
Fastly,2024-07-01,4.04,99.2,30.6,0.9
Fastly,2024-07-02,4.18,93.1,40.3,0.89
Fastly,2024-07-03,4.31,91.4,61.7,0.83
Fastly,2024-07-04,4.1,89.0,33.6,0.72
Fastly,2024-07-05,4.2,103.5,36.7,0.78
Fastly,2024-07-06,4.06,107.9,47.6,0.92
Fastly,2024-07-07,4.01,87.4,50.8,0.7
Fastly,2024-07-08,4.18,95.4,42.0,0.76
Fastly,2024-07-09,4.2,83.8,31.7,0.93
Fastly,2024-07-10,4.18,93.7,49.2,0.77
Fastly,2024-07-11,4.12,85.6,48.5,0.77
Fastly,2024-07-12,4.12,114.9,46.8,0.8
Fastly,2024-07-13,4.16,65.3,47.2,0.83
Fastly,2024-07-14,4.27,114.6,21.2,0.95
Fastly,2024-07-15,4.28,103.0,38.4,0.81
Fastly,2024-07-16,4.21,106.0,41.1,0.74
Fastly,2024-07-17,4.23,113.5,24.8,0.94
Fastly,2024-07-18,4.04,120.4,31.1,0.93
Fastly,2024-07-19,4.08,131.8,44.3,0.91
Fastly,2024-07-20,4.17,105.7,40.7,0.74
Fastly,2024-07-21,4.18,93.1,39.8,0.8
Fastly,2024-07-22,4.27,88.8,49.8,0.86
Fastly,2024-07-23,4.13,90.9,32.6,0.85
Fastly,2024-07-24,4.1,75.0,28.8,0.83
Fastly,2024-07-25,4.18,91.8,38.7,0.94
Fastly,2024-07-26,3.97,79.3,55.2,0.8
Fastly,2024-07-27,4.23,114.6,31.8,0.78
Fastly,2024-07-28,4.13,108.8,22.1,0.81
Fastly,2024-07-29,4.07,78.7,30.1,0.83
Fastly,2024-07-30,4.18,84.0,32.8,0.88
Fastly,2024-07-31,4.16,93.0,39.1,0.87
Fastly,2024-08-01,3.96,90.8,30.1,0.92
Fastly,2024-08-02,4.01,85.5,48.4,0.86
Fastly,2024-08-03,4.07,93.4,22.5,0.89
Fastly,2024-08-04,4.16,78.8,39.5,0.78
Fastly,2024-08-05,4.07,103.1,43.2,0.81
Fastly,2024-08-06,4.19,105.2,36.7,0.94
Fastly,2024-08-07,4.1,101.7,27.7,0.86
Fastly,2024-08-08,4.41,129.7,54.3,0.84
Fastly,2024-08-09,4.15,85.1,51.6,0.75
Fastly,2024-08-10,4.13,121.1,46.5,0.77
Fastly,2024-08-11,4.16,114.6,46.9,0.8
Fastly,2024-08-12,4.23,109.7,41.2,0.88
Fastly,2024-08-13,4.09,105.5,44.6,0.85
Fastly,2024-08-14,4.28,69.3,28.6,0.74
Fastly,2024-08-15,4.19,105.7,24.9,0.76
Fastly,2024-08-16,4.27,76.7,37.8,0.73
Fastly,2024-08-17,4.16,99.1,57.1,0.86
Fastly,2024-08-18,4.14,95.1,27.5,0.83
Fastly,2024-08-19,4.19,94.2,33.8,0.71
Fastly,2024-08-20,4.14,94.9,42.9,0.71
Fastly,2024-08-21,4.11,95.2,32.5,0.79
Fastly,2024-08-22,4.21,86.1,54.9,0.85
Fastly,2024-08-23,4.16,103.1,48.9,0.82
Fastly,2024-08-24,4.04,107.9,29.6,0.92
Fastly,2024-08-25,4.17,94.9,61.5,0.85
Fastly,2024-08-26,4.24,98.4,47.8,0.94
Fastly,2024-08-27,4.16,95.1,70.1,0.74
Fastly,2024-08-28,4.15,90.5,46.1,0.93
Fastly,2024-08-29,4.11,110.6,52.5,0.79
Akamai,2024-06-01,2.98,106.0,22.8,0.86
Akamai,2024-06-02,2.88,119.4,25.2,0.92
Akamai,2024-06-03,2.78,115.7,22.8,0.72
Akamai,2024-06-04,3.04,114.4,30.6,0.75
Akamai,2024-06-05,2.91,118.9,18.6,0.88
Akamai,2024-06-06,2.94,106.8,51.5,0.86
Akamai,2024-06-07,2.76,131.5,36.8,0.81
Akamai,2024-06-08,2.76,123.7,35.9,0.72
Akamai,2024-06-09,2.95,138.9,40.8,0.76
Akamai,2024-06-10,2.77,122.1,53.0,0.92
Akamai,2024-06-11,2.85,112.8,30.8,0.87
Akamai,2024-06-12,2.88,121.3,20.3,0.9
Akamai,2024-06-13,2.92,107.8,47.4,0.8
Akamai,2024-06-14,2.93,139.4,36.4,0.75
Akamai,2024-06-15,2.84,129.9,34.7,0.95
Akamai,2024-06-16,2.88,101.5,48.7,0.85
Akamai,2024-06-17,3.04,125.7,37.2,0.88
Akamai,2024-06-18,2.86,129.7,30.5,0.74
Akamai,2024-06-19,2.99,116.0,33.1,0.89
Akamai,2024-06-20,2.93,113.7,20.0,0.88
Akamai,2024-06-21,2.83,116.9,44.5,0.75
Akamai,2024-06-22,2.72,128.3,40.1,0.73
Akamai,2024-06-23,2.95,147.1,47.7,0.94
Akamai,2024-06-24,2.82,103.6,38.2,0.71
Akamai,2024-06-25,2.74,114.8,38.6,0.86
Akamai,2024-06-26,2.94,121.7,7.6,0.72
Akamai,2024-06-27,2.88,115.1,37.9,0.7
Akamai,2024-06-28,2.83,146.3,26.3,0.73
Akamai,2024-06-29,2.92,110.2,21.3,0.9
Akamai,2024-06-30,3.04,108.7,39.1,0.88
Akamai,2024-07-01,2.9,122.4,29.5,0.88
Akamai,2024-07-02,2.87,145.9,47.1,0.95
Akamai,2024-07-03,2.88,89.3,42.4,0.81
Akamai,2024-07-04,2.7,121.3,21.1,0.93
Akamai,2024-07-05,2.97,144.7,38.3,0.78
Akamai,2024-07-06,2.86,153.0,38.3,0.79
Akamai,2024-07-07,2.76,111.5,38.0,0.86
Akamai,2024-07-08,2.92,100.3,35.3,0.92
Akamai,2024-07-09,2.91,111.9,28.8,0.84
Akamai,2024-07-10,2.77,138.7,57.2,0.86
Akamai,2024-07-11,2.82,111.3,23.3,0.75
Akamai,2024-07-12,2.91,134.8,33.4,0.82
Akamai,2024-07-13,2.93,111.4,22.6,0.92
Akamai,2024-07-14,3.01,118.5,27.0,0.86
Akamai,2024-07-15,2.93,95.4,38.0,0.86
Akamai,2024-07-16,2.74,125.0,15.8,0.95
Akamai,2024-07-17,2.79,123.7,29.1,0.74
Akamai,2024-07-18,2.77,122.5,38.4,0.85
Akamai,2024-07-19,2.84,131.7,30.6,0.9
Akamai,2024-07-20,3.05,98.5,47.1,0.77
Akamai,2024-07-21,3.02,119.7,53.1,0.7
Akamai,2024-07-22,2.79,117.9,57.9,0.72
Akamai,2024-07-23,2.87,128.4,45.7,0.76
Akamai,2024-07-24,2.87,155.7,42.3,0.71
Akamai,2024-07-25,2.79,120.7,43.4,0.88
Akamai,2024-07-26,2.91,113.1,43.0,0.83
Akamai,2024-07-27,2.84,124.4,45.4,0.71
Akamai,2024-07-28,3.0,112.1,26.3,0.79
Akamai,2024-07-29,2.83,138.2,15.2,0.71
Akamai,2024-07-30,3.03,110.2,28.0,0.84
Akamai,2024-07-31,2.96,102.1,50.4,0.91
Akamai,2024-08-01,2.9,111.9,24.3,0.72
Akamai,2024-08-02,3.02,121.4,25.8,0.74
Akamai,2024-08-03,2.88,115.9,48.5,0.87
Akamai,2024-08-04,2.94,136.3,35.4,0.92
Akamai,2024-08-05,2.96,107.8,58.6,0.89
Akamai,2024-08-06,2.81,124.8,37.7,0.79
Akamai,2024-08-07,2.9,112.6,36.3,0.84
Akamai,2024-08-08,2.88,121.9,45.6,0.88
Akamai,2024-08-09,2.81,106.7,53.8,0.78
Akamai,2024-08-10,2.83,125.8,49.9,0.84
Akamai,2024-08-11,2.85,115.4,41.7,0.87
Akamai,2024-08-12,2.92,123.6,25.5,0.76
Akamai,2024-08-13,2.93,140.7,50.9,0.91
Akamai,2024-08-14,2.92,129.0,29.7,0.88
Akamai,2024-08-15,2.74,99.3,51.6,0.92
Akamai,2024-08-16,2.95,129.1,48.8,0.77
Akamai,2024-08-17,2.86,99.8,33.1,0.86
Akamai,2024-08-18,2.91,139.7,43.5,0.75
Akamai,2024-08-19,2.91,114.9,40.6,0.82
Akamai,2024-08-20,2.94,121.9,27.8,0.79
Akamai,2024-08-21,2.94,116.0,55.1,0.72
Akamai,2024-08-22,2.86,93.0,23.8,0.77
Akamai,2024-08-23,2.96,91.0,41.1,0.84
Akamai,2024-08-24,2.67,108.8,36.9,0.73
Akamai,2024-08-25,2.76,107.6,35.1,0.95
Akamai,2024-08-26,2.91,100.2,36.8,0.9
Akamai,2024-08-27,2.71,124.6,38.7,0.71
Akamai,2024-08-28,2.87,122.8,49.3,0.78
Akamai,2024-08-29,2.85,106.0,56.1,0.79
